mrr,plan_tier,months_active,usage_index,usage_trend_3m,support_tickets_90d,payment_failures,seat_utilization,days_since_login,churned
605.83,1,49,0.4077,-0.0014,1,0,0.5159,8,0
239.95,0,20,0.5197,-0.0992,1,0,0.4529,1,0
2639.71,2,27,0.5831,-0.0368,1,0,0.5829,6,0
714.3,1,52,0.5834,-0.1397,2,0,0.5488,6,0
263.08,0,27,0.572,0.0614,0,0,0.5544,1,1
2800.91,2,1,0.9198,0.028,0,3,0.6426,6,0
787.73,1,1,0.6122,-0.3634,4,3,0.6167,46,1
963.28,1,27,0.5226,-0.1714,5,1,0.313,43,1
506.4,0,39,0.3845,-0.3029,10,0,0.1839,14,1
273.07,0,57,0.5531,-0.0511,1,0,0.5643,7,0
438.19,0,8,0.0572,-0.1281,5,0,0.5705,3,0
2919.02,2,33,0.4498,-0.3336,5,0,0.3979,15,1
532.56,1,18,0.1642,0.0806,1,0,0.5479,1,1
605.15,1,28,0.1987,-0.3824,5,0,0.05,37,1
216.62,0,27,0.6722,-0.1424,6,0,0.1132,20,0
215.01,0,19,0.6119,-0.3132,10,0,0.4839,27,0
862.31,1,2,0.4188,-0.0511,0,0,0.3722,8,0
359.61,0,5,0.2388,-0.3014,3,0,0.1488,33,1
1380.95,1,32,0.4192,-0.1969,2,4,0.4056,50,1
991.36,1,14,0.2504,-0.0125,0,0,0.3338,7,0
761.46,1,20,0.1691,-0.1861,0,0,0.7966,4,1
139.92,0,6,0.5962,-0.0877,3,0,0.4522,2,1
2460.03,2,3,0.6056,-0.3975,3,0,0.2043,55,1
2421.74,2,8,0.8307,0.1093,0,1,0.8182,1,0
948.85,1,23,0.6857,-0.2764,7,0,0.1991,17,1
606.11,0,10,0.6976,-0.26,1,0,0.2993,45,1
447.68,0,14,0.4721,0.2064,4,0,0.5311,8,0
381.71,0,19,0.4903,-0.1606,0,1,0.1984,6,1
207.09,0,18,0.1031,0.1286,2,0,0.6215,6,0
743.73,1,1,0.4755,0.0581,1,0,0.6605,8,0
860.94,1,8,0.6484,-0.139,8,1,0.05,27,0
1829.56,2,58,0.8304,-0.2482,5,1,0.3759,38,0
345.52,0,41,0.7734,-0.0463,2,1,0.4032,3,0
328.59,0,8,0.1363,-0.3184,10,0,0.4417,49,1
198.14,0,18,0.2228,-0.1261,1,1,0.1479,5,0
440.88,0,23,0.4759,-0.0323,3,0,0.5125,6,0
300.57,0,55,0.8292,0.0229,0,0,0.3529,3,0
158.33,0,53,0.1609,-0.362,4,0,0.05,27,0
284.84,0,47,0.5643,-0.0811,4,0,0.5413,56,1
982.05,1,7,0.494,-0.1067,5,1,0.1178,14,0
407.63,0,30,0.6279,-0.4237,5,0,0.5362,46,0
790.85,1,30,0.5961,-0.1621,9,0,0.605,49,0
1189.16,1,39,0.2593,0.0467,0,0,0.7793,0,0
309.63,0,51,0.3269,-0.1107,1,1,0.5179,8,0
561.69,1,20,0.5962,-0.1944,3,0,0.6909,13,1
542.35,1,34,0.4851,-0.385,12,0,0.0546,55,1
429.57,0,16,0.6555,-0.0637,1,3,0.435,8,1
440.75,0,13,0.4559,-0.0563,7,0,0.132,55,0
996.49,1,19,0.8532,-0.396,4,0,0.5585,25,0
489.5,0,45,0.5027,-0.0344,3,0,0.6864,2,0
419.76,0,27,0.7934,-0.0808,3,0,0.1723,39,0
368.39,0,41,0.3222,-0.0611,4,0,0.2309,35,1
646.95,1,42,0.3546,-0.4098,7,0,0.3964,54,1
1631.45,1,22,0.612,0.0311,5,0,0.3382,3,0
1073.77,1,58,0.4425,0.0728,2,0,0.3043,8,0
777.57,1,3,0.5383,-0.0763,0,0,0.1844,8,0
229.52,0,54,0.6901,-0.0032,0,0,0.8233,3,1
973.69,1,1,0.3732,-0.0142,2,1,0.5823,8,1
161.58,0,23,0.1476,-0.4124,7,0,0.3976,36,1
370.47,0,50,0.6571,0.0863,0,1,0.4151,3,1
637.45,1,42,0.2508,0.0773,2,0,0.8095,1,0
330.17,0,20,0.5679,-0.04,0,0,0.5387,5,0
741.48,1,54,0.5645,-0.1304,2,1,0.7708,4,1
811.33,1,9,0.7911,-0.2916,3,0,0.2316,29,0
682.87,1,41,0.6205,-0.1305,7,0,0.4576,25,1
841.17,1,32,0.4604,-0.0328,1,0,0.1605,3,0
1724.18,1,13,0.4057,-0.1045,5,0,0.0819,45,1
470.9,0,56,0.5712,-0.0235,1,0,0.117,5,0
328.31,0,46,0.7845,0.0507,3,0,0.6545,1,0
287.44,0,1,0.788,-0.0611,8,0,0.2729,41,1
389.69,0,6,0.9485,0.0886,0,0,0.2078,8,0
430.68,0,4,0.6002,0.1545,2,0,0.9946,1,0
1795.05,2,25,0.2111,0.0711,2,0,0.4392,8,0
282.25,0,26,0.3768,0.0277,0,1,0.4951,8,0
153.27,0,44,0.6228,0.0726,5,0,0.0991,6,1
429.65,0,41,0.5899,-0.2363,8,0,0.7002,24,1
597.43,0,1,0.1597,0.1063,0,1,0.3905,8,0
915.3,1,29,0.8075,0.0259,0,0,0.4547,5,0
423.04,1,48,0.4691,-0.1108,1,2,0.4166,4,1
1101.4,1,54,0.4583,-0.1268,1,0,0.5158,7,0
648.58,1,18,0.6437,0.0661,0,0,0.7154,1,0
229.91,0,3,0.5209,-0.2528,9,0,0.2663,14,1
1108.23,1,10,0.4906,0.0886,0,2,0.3576,7,0
317.02,0,21,0.202,0.1539,4,0,0.7924,5,0
244.46,0,27,0.6562,-0.0021,0,0,0.8052,2,0
231.02,0,22,0.4239,0.1411,1,0,0.7214,2,0
930.07,1,6,0.5265,0.0459,2,0,0.5191,5,0
251.28,0,21,0.4316,0.0226,1,1,0.7145,3,0
196.69,0,18,0.2926,-0.2063,6,0,0.142,36,1
792.21,1,30,0.4478,-0.0934,5,0,0.05,9,1
326.6,0,5,0.839,-0.0759,2,0,0.4051,0,0
836.21,1,48,0.6375,-0.1444,1,0,0.4019,5,0
176.82,0,26,0.5815,-0.362,4,0,0.1843,12,0
409.96,0,20,0.644,-0.1509,8,4,0.05,49,1
111.2,0,55,0.4053,-0.1293,0,1,0.7155,8,0
761.27,1,45,0.775,-0.4494,10,0,0.3393,36,0
233.41,0,9,0.6755,-0.0606,0,0,0.4669,7,0
305.44,0,9,0.1298,-0.0559,0,0,0.3569,6,0
353.0,0,1,0.9284,-0.1722,2,0,0.3838,26,1
3560.27,2,34,0.512,-0.0412,1,0,0.4088,1,1
1870.35,2,22,0.1985,0.0001,1,0,0.5079,3,0
1092.83,1,23,0.0528,-0.3434,10,0,0.2683,26,1
310.57,0,31,0.2453,-0.0275,0,0,0.4001,5,0
1318.41,2,33,0.5506,0.014,0,0,0.6588,0,0
1730.92,1,1,0.3862,0.0065,1,3,0.4764,1,1
537.89,1,7,0.9245,0.2181,0,0,0.6429,8,0
335.86,0,48,0.7569,0.0172,0,0,0.7503,2,0
332.41,0,58,0.5447,-0.1102,4,0,0.05,16,1
319.37,0,51,0.4252,-0.2297,0,2,0.6965,2,0
2018.52,2,55,0.1599,0.044,1,0,0.4519,0,1
387.39,0,28,0.5774,-0.1775,0,0,0.6026,4,0
167.96,0,50,0.5345,-0.2855,6,0,0.604,20,1
283.39,0,53,0.5301,-0.0835,5,4,0.3702,20,0
730.6,1,54,0.7584,0.0998,1,0,0.6367,4,0
228.8,0,9,0.2834,-0.0434,4,4,0.6204,5,0
2788.57,2,9,0.304,0.0227,0,0,0.7523,4,0
1297.69,1,25,0.082,-0.3035,5,0,0.05,18,1
789.25,1,31,0.6143,-0.1962,6,0,0.1482,49,0
381.12,0,58,0.506,0.081,0,0,0.2201,4,1
905.63,1,20,0.7486,0.0764,1,2,0.8043,6,0
651.17,1,50,0.812,0.0065,1,0,0.5225,4,0
813.17,1,54,0.4501,-0.2977,3,0,0.639,18,0
261.14,0,58,0.6899,-0.1086,7,0,0.2683,17,1
227.25,0,12,0.3251,-0.3517,3,0,0.05,35,1
336.92,0,15,0.6488,0.1189,2,1,0.79,8,0
314.82,0,14,0.121,-0.3297,1,0,0.4596,55,1
166.19,0,45,0.8783,-0.1233,4,0,0.5708,25,0
162.69,0,42,0.9449,0.0496,0,1,0.3297,4,0
336.47,0,25,0.4872,-0.2442,1,0,0.6201,6,0
669.06,1,6,0.5063,0.0805,2,0,0.6577,6,1
322.34,0,32,0.2424,-0.0022,1,0,0.5216,4,1
3154.39,2,44,0.6306,-0.2565,4,0,0.05,39,0
570.43,1,29,0.6116,-0.4021,0,1,0.139,23,0
176.95,0,17,0.4519,0.0989,1,0,0.7451,7,0
1599.22,1,36,0.7304,-0.0721,5,0,0.2395,4,0
327.97,0,40,0.8294,0.1313,2,0,0.547,3,0
2072.46,2,36,0.5102,-0.132,2,0,0.6791,1,0
209.14,0,53,0.49,0.0496,4,0,0.8299,6,0
744.39,1,19,0.8758,0.0972,1,0,0.73,6,1
191.17,0,37,0.1538,-0.3571,5,0,0.4605,10,1
395.07,0,52,0.6429,-0.052,8,0,0.113,16,0
220.97,0,13,0.6957,-0.0007,0,0,0.861,5,0
3519.1,2,17,0.6916,-0.0781,7,0,0.05,51,0
773.56,1,3,0.4894,-0.1022,0,1,0.5865,3,0
201.28,0,23,0.6059,-0.0486,1,0,0.4723,6,0
249.8,0,3,0.32,-0.1147,7,0,0.6112,16,1
115.75,0,45,0.6362,-0.0925,1,0,0.6576,1,0
853.16,1,6,0.5748,0.2004,1,0,0.7739,7,0
273.24,0,42,0.5144,-0.4016,8,0,0.216,55,0
387.04,0,35,0.458,0.1326,4,0,0.6897,7,0
459.9,1,60,0.5809,-0.1037,2,0,0.6948,8,0
3604.28,2,21,0.8874,-0.0822,1,0,0.7547,1,0
386.48,0,21,0.8706,-0.3414,6,0,0.6091,27,0
1379.45,1,15,0.88,-0.091,0,0,0.799,1,0
284.7,0,33,0.4531,0.1123,1,0,0.7605,4,1
1269.13,1,14,0.5266,-0.2925,6,0,0.2904,40,1
173.29,0,7,0.2183,-0.3883,7,0,0.1756,22,0
1142.29,1,57,0.2685,0.2907,0,0,0.3891,8,0
679.47,1,41,0.5071,-0.1373,5,0,0.1693,39,1
499.31,1,8,0.6988,0.026,0,0,0.4181,0,0
195.67,0,38,0.321,-0.1612,4,0,0.4214,44,0
2404.65,2,19,0.3987,-0.0605,1,0,0.2577,6,0
217.32,0,11,0.5904,-0.0333,1,0,0.405,2,0
330.8,0,29,0.429,-0.3808,10,0,0.5721,41,1
472.64,1,48,0.2901,0.0771,3,0,0.3563,3,0
137.74,0,1,0.7146,-0.2865,7,0,0.5238,12,1
1438.79,1,22,0.5024,-0.0517,1,3,0.5607,3,1
1221.15,1,56,0.5314,0.079,2,0,0.1214,8,0
200.86,0,24,0.7123,0.0506,1,0,0.7813,7,0
2397.48,2,6,0.3357,0.0634,0,0,0.3928,1,1
414.35,0,26,0.4987,-0.0664,1,0,0.4241,7,0
1030.65,1,41,0.4944,-0.0839,1,3,0.2547,6,1
305.44,0,60,0.7889,-0.1151,6,0,0.1041,14,0
3521.1,2,38,0.2462,0.1073,0,0,0.2252,6,0
224.56,0,4,0.6747,-0.2693,3,0,0.05,35,0
293.18,0,49,0.3687,0.0809,0,0,0.6388,2,0
288.19,0,47,0.8908,0.1399,1,0,0.1674,2,0
2181.48,2,40,0.2925,-0.0162,1,1,0.59,7,0
2093.92,2,54,0.562,-0.1239,2,0,0.5875,5,0
912.99,1,47,0.1908,-0.1114,2,0,0.4606,6,0
2429.08,2,14,0.8503,-0.2933,5,0,0.6528,29,1
1662.83,2,26,0.1667,-0.0246,0,0,0.3256,1,1
1178.33,1,31,0.8144,0.0164,1,0,0.3956,6,0
206.06,0,30,0.3844,0.0184,1,0,0.6296,1,0
824.55,1,39,0.5808,-0.1638,9,0,0.5045,38,0
802.61,1,43,0.3636,-0.2825,3,1,0.2675,48,1
328.72,0,7,0.145,-0.0561,1,0,0.5079,3,0
138.13,0,35,0.3509,0.1465,0,0,0.2704,0,0
1215.66,1,3,0.4968,0.114,0,0,0.2735,3,0
228.82,0,31,0.1457,0.1067,0,0,0.1673,7,0
3678.32,2,26,0.7464,-0.046,0,0,0.7042,3,0
245.31,0,13,0.8271,0.0084,0,0,0.5269,0,0
285.08,0,60,0.8195,0.0923,2,0,0.3265,6,0
1738.97,1,16,0.1348,0.0,2,1,0.628,7,0
263.17,0,4,0.4557,-0.3072,3,0,0.1513,14,1
447.41,0,22,0.5229,-0.0539,0,1,0.7617,2,0
902.25,1,46,0.5721,-0.0491,2,0,0.6842,3,0
2775.6,2,1,0.5605,-0.0961,3,1,0.3276,7,1
297.19,0,30,0.1687,0.307,2,0,0.3693,1,0
390.19,0,26,0.429,-0.1752,1,0,0.6862,8,0
700.14,1,52,0.2571,-0.1841,3,0,0.3974,38,0
1700.72,2,1,0.6059,-0.2806,4,0,0.1872,38,1
711.75,1,2,0.282,-0.0481,2,0,0.6813,8,1
300.3,0,34,0.4404,-0.0152,2,0,0.6015,7,0
268.43,0,11,0.1988,-0.2912,0,0,0.1209,33,0
371.85,0,43,0.1699,0.1232,1,0,0.8388,7,0
457.85,0,17,0.8054,-0.0073,1,0,0.542,0,0
632.5,1,34,0.3886,0.1122,3,0,0.3341,7,0
224.3,0,3,0.6117,-0.3724,4,0,0.2198,36,1
538.37,1,42,0.4562,-0.3048,4,0,0.545,14,0
1811.39,1,32,0.652,0.0695,0,1,0.392,2,1
990.15,1,1,0.4437,-0.3974,7,0,0.5634,49,1
343.03,0,16,0.4698,-0.0765,1,0,0.4479,5,0
556.77,1,4,0.7823,-0.0941,0,0,0.6245,8,0
889.64,1,3,0.7497,0.0541,0,0,0.538,0,0
1063.65,1,42,0.5989,0.0253,0,2,0.3409,0,1
265.45,0,26,0.3627,-0.0518,1,0,0.8444,0,0
422.58,0,49,0.5844,-0.1017,1,0,0.8301,7,0
5390.35,2,16,0.2484,-0.1098,2,0,0.05,18,1
208.18,0,44,0.733,-0.3012,3,0,0.4629,33,1
202.79,0,37,0.8612,-0.0133,0,1,0.7858,2,0
213.29,0,40,0.4502,-0.3519,9,0,0.1181,52,0
1561.48,1,50,0.9099,-0.3033,2,1,0.6418,15,0
3456.63,2,43,0.4751,-0.0517,3,0,0.0811,21,0
276.57,0,45,0.5713,0.0478,2,3,0.3824,2,1
2430.91,2,45,0.3604,-0.0204,1,0,0.2428,8,0
217.91,0,27,0.9318,0.1033,1,1,0.7618,6,1
1215.28,1,44,0.2195,-0.1017,0,0,0.6134,6,0
779.19,1,51,0.5465,-0.1889,7,1,0.3273,40,1
264.77,0,45,0.3185,-0.0214,3,0,0.5556,8,1
358.87,0,37,0.5802,0.0582,0,0,0.6835,7,0
271.53,0,5,0.3599,0.0831,1,0,0.898,3,0
2210.53,2,27,0.3318,-0.0615,0,0,0.7251,3,0
893.3,1,4,0.3116,-0.1699,5,0,0.2434,42,1
3170.35,2,7,0.4195,0.0279,1,1,0.6053,4,0
1583.66,1,22,0.3681,-0.1338,2,0,0.7963,6,1
355.95,0,28,0.7492,0.1208,1,0,0.6363,6,0
1178.95,1,32,0.5027,-0.0998,9,1,0.0837,51,1
270.41,0,55,0.5817,-0.097,2,0,0.8831,3,0
226.37,0,46,0.7624,-0.4084,6,0,0.4614,45,0
1118.92,1,26,0.7544,0.0513,1,0,0.3418,5,0
944.97,1,21,0.2835,-0.3516,7,0,0.6134,57,1
176.26,0,43,0.4511,-0.1679,0,2,0.2829,24,1
793.46,1,17,0.1347,0.0086,3,0,0.5391,4,0
864.55,1,54,0.8345,-0.0929,3,0,0.1215,4,0
2007.34,2,47,0.258,-0.1871,11,0,0.0964,43,1
1494.92,1,41,0.8919,0.1676,0,0,0.6727,4,0
343.03,0,15,0.4898,0.2331,1,0,0.7131,0,0
468.95,0,38,0.8055,-0.0012,2,1,0.5821,7,1
318.01,0,50,0.5012,-0.3843,5,0,0.3237,36,1
915.72,1,5,0.2883,0.0592,4,0,0.4376,5,1
1729.2,2,11,0.5608,-0.1521,1,1,0.6673,7,0
291.21,0,31,0.6708,-0.095,1,2,0.6838,0,1
291.33,0,22,0.363,-0.151,2,0,0.05,31,1
179.72,0,43,0.8897,-0.3289,5,0,0.6504,46,0
736.85,1,25,0.6924,0.2145,2,0,0.8752,6,0
794.79,1,60,0.7971,0.1266,3,2,0.5169,8,0
335.16,0,18,0.8043,-0.3933,4,1,0.2787,58,0
340.82,0,22,0.8337,-0.1511,3,0,0.2787,18,1
726.15,1,1,0.2465,-0.2383,3,3,0.3104,54,1
341.72,0,15,0.2375,0.126,0,0,0.5545,2,0
835.05,1,15,0.728,-0.1375,3,1,0.4035,29,0
106.22,0,46,0.4117,0.0262,3,2,0.4655,8,1
244.75,0,21,0.2154,-0.3328,4,0,0.05,14,1
3501.23,2,13,0.5639,0.0801,0,0,0.2715,1,0
160.97,0,19,0.3394,0.005,0,0,0.2792,4,0
301.67,0,34,0.3814,-0.2091,4,0,0.2747,14,1
505.08,0,48,0.2512,0.1199,0,3,0.2817,4,0
222.22,0,59,0.5414,-0.1435,0,0,0.6919,2,0
290.22,0,3,0.9159,-0.0096,0,1,0.6713,0,0
183.73,0,51,0.427,-0.2129,5,0,0.2671,39,1
512.56,0,24,0.6206,-0.0329,0,3,0.9118,8,0
281.66,0,49,0.3811,-0.3394,3,0,0.1093,13,1
904.64,1,3,0.6697,-0.0528,1,0,0.4652,7,0
1429.71,1,38,0.092,-0.0898,2,0,0.7767,7,0
365.55,0,56,0.3107,0.1025,0,0,0.4169,8,0
213.45,0,3,0.7045,0.0577,1,0,0.5805,3,0
709.58,1,48,0.8183,-0.2774,6,1,0.05,53,0
2853.92,2,7,0.5235,-0.1727,0,1,0.1833,2,0
1929.05,2,59,0.3366,0.2149,0,0,0.9113,5,0
138.22,0,45,0.4674,-0.0209,2,0,0.8259,0,0
284.65,0,55,0.2515,-0.3692,4,2,0.3217,17,0
172.74,0,54,0.8898,0.0949,0,0,0.4701,4,0
510.6,0,19,0.3786,-0.1759,6,0,0.6607,59,0
946.81,1,25,0.4847,0.2243,0,0,0.7953,7,0
211.26,0,42,0.6057,-0.4091,5,0,0.6218,52,1
227.09,0,11,0.4444,-0.0028,2,0,0.1647,6,1
149.69,0,19,0.2701,-0.0191,2,2,0.4781,0,0
605.72,1,6,0.6039,-0.1926,5,0,0.05,46,1
413.89,0,54,0.4078,-0.0819,4,2,0.1113,35,0
1943.7,1,15,0.8275,-0.4399,3,0,0.6626,19,0
373.95,0,25,0.4947,-0.0397,1,0,0.5492,3,0
2323.92,2,28,0.653,-0.0556,0,0,0.8692,7,0
249.31,0,23,0.4605,-0.3609,5,0,0.1897,39,1
636.8,1,47,0.3984,0.1972,3,3,0.2106,1,1
4935.17,2,55,0.6156,0.1208,0,0,0.6479,0,0
2246.57,2,35,0.3501,-0.4334,4,2,0.4921,16,0
1866.26,1,51,0.6655,-0.0347,0,0,0.6173,4,1
1449.47,1,7,0.4378,-0.0351,0,0,0.4436,5,0
483.93,1,58,0.4738,-0.0167,0,0,0.4551,8,0
704.96,1,7,0.4268,0.1989,1,0,0.667,5,0
229.46,0,4,0.5341,0.0491,2,0,0.3832,5,1
865.47,1,2,0.5846,0.0948,1,2,0.8835,0,0
871.41,1,15,0.6983,0.04,0,4,0.7931,0,0
6849.34,2,51,0.2448,-0.2227,4,0,0.6098,15,1
198.91,0,19,0.1504,0.0303,2,0,0.7384,8,0
314.2,0,48,0.6728,-0.0876,2,0,0.6458,7,1
1104.34,1,26,0.2762,-0.1684,8,0,0.05,12,1
289.84,0,7,0.7665,-0.0549,3,0,0.6329,7,0
301.4,0,29,0.3293,-0.0372,0,0,0.5895,8,1
201.18,0,14,0.4244,-0.1218,9,0,0.05,30,1
301.01,0,18,0.4956,-0.0498,6,2,0.4519,2,0
346.84,0,32,0.1798,-0.4263,5,0,0.2961,44,1
325.23,0,48,0.5027,-0.0593,7,0,0.5167,37,0
354.05,0,36,0.7962,-0.0123,1,0,0.4209,6,0
475.47,0,14,0.1962,-0.1862,3,0,0.2197,59,1
402.55,0,44,0.3411,-0.0426,1,0,0.5705,3,0
912.49,1,42,0.3924,-0.2003,3,0,0.41,58,0
192.44,0,15,0.2498,0.0184,0,3,0.543,1,0
1945.4,2,52,0.27,0.1288,0,0,0.4203,5,1
2222.42,2,51,0.3352,-0.4038,6,0,0.05,36,0
316.78,0,37,0.7408,-0.4046,5,0,0.3111,38,0
245.3,0,18,0.3636,-0.4466,9,4,0.3251,50,1
641.44,1,22,0.3108,-0.187,7,0,0.4464,21,1
587.19,1,27,0.3494,-0.0222,3,1,0.5672,4,0
499.35,1,12,0.8973,0.116,3,0,0.4356,8,0
819.74,1,19,0.6412,-0.0425,3,0,0.8106,4,0
532.1,1,9,0.5904,-0.0224,1,2,0.8831,8,0
627.06,1,10,0.7909,-0.0475,0,0,0.8757,0,0
252.65,0,45,0.3976,0.0227,2,0,0.208,0,0
557.6,1,8,0.4639,0.2189,1,0,0.5974,8,0
331.22,0,29,0.0951,-0.3298,2,0,0.5283,7,0
1153.2,1,26,0.6009,0.0152,0,4,0.8113,8,0
1980.14,2,3,0.4738,-0.2399,2,0,0.4672,52,0
248.87,0,50,0.6115,-0.1341,9,0,0.5406,15,0
1074.19,1,60,0.2147,-0.0971,2,0,0.5927,55,1
225.88,0,39,0.844,-0.1345,6,3,0.5293,43,0
676.72,1,41,0.8399,-0.0076,1,2,0.6758,8,0
440.83,0,14,0.3323,-0.0453,2,0,0.6869,5,1
3270.47,2,51,0.1879,0.1135,1,0,0.547,7,1
357.96,0,48,0.3858,0.0695,1,0,0.2943,5,0
3318.27,2,27,0.8237,-0.0914,7,3,0.5541,36,1
445.49,1,43,0.7563,0.0811,1,0,0.4183,5,0
1429.48,1,58,0.8154,-0.0871,6,1,0.1143,14,0
1020.9,1,37,0.7744,-0.0753,6,0,0.3864,36,1
1267.74,1,12,0.2168,-0.3489,6,0,0.5338,52,0
2748.28,2,20,0.1991,-0.0726,5,0,0.5768,9,0
295.01,0,12,0.2872,-0.4296,6,0,0.5758,10,0
808.24,1,20,0.7064,0.1388,3,0,0.6626,5,0
329.77,0,54,0.6946,-0.1184,7,2,0.4277,43,1
798.0,1,12,0.6044,-0.377,7,1,0.2741,51,1
392.93,0,54,0.5013,-0.3795,4,0,0.414,17,1
510.79,1,18,0.1441,-0.0856,1,0,0.2409,6,0
736.32,1,30,0.3477,0.1071,2,0,0.3018,2,0
593.22,0,32,0.5806,-0.2103,3,0,0.3872,44,1
714.86,1,8,0.3207,-0.2694,8,0,0.05,42,0
818.67,1,12,0.3396,0.0813,0,0,0.638,0,0
653.48,1,19,0.5987,0.0037,1,4,0.5344,1,0
326.17,0,4,0.5822,0.0432,3,0,0.5087,0,0
687.82,1,46,0.5957,0.0468,2,0,0.4889,2,0
2249.04,2,33,0.5451,-0.4493,4,0,0.5388,48,1
390.33,0,51,0.5046,0.0285,1,0,0.5863,6,0
227.08,0,52,0.8403,0.0062,4,1,0.3353,4,1
382.18,0,21,0.3234,0.0005,2,0,0.365,7,0
1186.78,1,50,0.5077,-0.3537,7,0,0.1898,41,1
419.52,0,4,0.293,-0.0934,1,0,0.2717,4,0
934.87,1,26,0.1277,-0.0183,1,0,0.9018,7,0
2767.4,1,40,0.4318,-0.0812,2,0,0.6868,5,0
419.46,0,28,0.9819,-0.0681,4,0,0.7035,0,1
2689.02,2,45,0.4682,0.1004,0,0,0.5156,6,0
655.01,1,52,0.3998,-0.3527,10,0,0.6395,32,1
280.31,0,26,0.3165,-0.2046,2,0,0.05,42,1
477.75,0,17,0.8451,-0.1038,6,0,0.0592,50,1
527.54,0,35,0.3616,-0.0046,2,0,0.7018,5,0
486.53,0,53,0.8921,0.0253,1,0,0.6445,2,1
381.72,0,60,0.5243,-0.1307,2,0,0.689,1,0
1546.49,2,49,0.1458,-0.0891,2,0,0.4155,6,1
343.91,0,15,0.5781,-0.1241,0,0,0.6067,8,0
187.8,0,13,0.2363,-0.07,2,0,0.3034,3,0
528.8,1,35,0.2166,-0.3275,4,3,0.4762,45,1
967.7,1,25,0.7249,-0.4289,4,0,0.5022,45,1
2882.3,2,37,0.2265,-0.2583,8,0,0.5105,27,1
1220.97,1,56,0.4836,0.204,1,1,0.5528,0,0
345.12,0,33,0.5481,-0.4138,5,3,0.5704,56,0
349.3,0,22,0.4678,-0.4443,12,0,0.05,25,0
1700.36,2,53,0.5859,-0.0582,8,0,0.6067,49,1
857.89,1,27,0.5554,0.0134,2,0,0.6134,3,0
1416.2,2,37,0.3087,-0.0409,3,0,0.367,1,0
143.84,0,9,0.3888,0.1525,0,0,0.6345,6,0
3110.22,2,31,0.4067,-0.1386,8,0,0.0835,45,0
683.77,1,26,0.4185,-0.127,1,2,0.1358,7,1
393.57,0,8,0.3415,-0.3286,3,0,0.2699,24,1
1311.78,1,13,0.7011,-0.0391,0,0,0.7849,4,0
716.56,1,43,0.1814,-0.0062,1,4,0.9964,7,0
356.56,0,11,0.8417,-0.2836,5,0,0.0674,29,0
230.09,0,8,0.2368,0.1748,0,1,0.799,1,0
466.46,1,4,0.5825,0.0481,1,0,0.2756,5,0
302.79,0,2,0.5006,0.0612,4,0,0.9387,0,0
245.94,0,27,0.7766,-0.3512,4,0,0.05,12,1
248.6,0,30,0.574,0.1211,1,0,0.7234,1,0
578.97,0,38,0.5792,-0.3731,3,3,0.05,13,1
1406.94,2,35,0.4237,-0.3617,5,2,0.3982,37,1
1017.62,1,33,0.3349,-0.0398,3,0,0.5026,6,0
204.73,0,60,0.6596,-0.1534,1,0,0.7904,3,0
3298.15,2,15,0.8152,0.2025,3,0,0.8698,3,0
2664.24,2,43,0.7709,-0.0838,1,0,0.8016,7,0
331.18,0,5,0.4271,-0.0334,1,0,0.6577,1,0
639.39,1,51,0.8529,-0.2504,4,0,0.05,54,1
221.83,0,22,0.6715,-0.0304,2,2,0.7864,5,0
3320.14,2,21,0.3809,-0.0526,0,0,0.251,3,1
1654.08,1,9,0.6659,0.0664,0,0,0.3766,3,0
1052.93,1,31,0.1917,0.0674,1,0,0.3773,1,0
211.83,0,24,0.8393,-0.2824,5,0,0.1951,33,1
2702.28,2,59,0.925,0.0757,1,0,0.511,3,0
678.24,0,11,0.8898,-0.0217,1,2,0.7462,4,0
300.58,0,26,0.4452,-0.0218,0,0,0.7886,6,0
483.73,0,55,0.2365,0.1319,2,0,0.9005,5,0
686.84,1,49,0.2316,-0.0321,1,0,0.4154,8,1
285.76,0,46,0.531,-0.0341,1,0,0.6545,0,0
2981.17,2,32,0.6381,0.1129,2,0,0.8421,2,0
1022.79,1,53,0.4178,-0.3705,9,0,0.05,43,1
221.77,0,14,0.4162,-0.0305,0,0,0.8086,0,0
218.45,0,49,0.405,-0.0296,2,0,0.6785,1,1
409.85,0,35,0.4794,0.1324,0,0,0.5115,7,0
1350.55,1,21,0.5991,0.0786,2,0,0.3475,8,0
1510.92,1,14,0.259,-0.1194,2,0,0.4547,41,0
545.26,0,32,0.5987,-0.1908,8,0,0.2179,34,1
932.94,1,1,0.6898,-0.2054,2,0,0.05,36,1
260.07,0,43,0.7165,-0.0013,2,0,0.2279,3,1
1428.05,1,15,0.3371,-0.0712,0,0,0.8611,1,1
3080.35,2,24,0.692,-0.0402,0,3,0.6368,3,0
631.04,1,12,0.6598,0.0896,1,0,0.7705,4,0
619.83,1,28,0.4847,0.1442,1,0,0.5356,4,0
1057.22,1,23,0.4948,-0.0857,2,0,0.3209,3,0
272.55,0,12,0.6846,-0.0731,0,2,0.9038,6,0
287.33,0,54,0.7403,-0.0676,5,0,0.3999,21,0
422.11,0,46,0.0666,-0.0209,1,0,0.9809,7,0
1160.82,1,24,0.622,-0.314,5,0,0.3829,52,1
1417.54,1,4,0.5531,-0.3388,11,1,0.3942,52,0
452.68,1,51,0.6523,0.0777,2,0,0.6723,4,0
2622.58,2,42,0.7019,-0.0513,6,1,0.05,48,1
369.82,0,34,0.1896,0.0749,1,0,0.3513,8,0
521.61,1,37,0.0966,-0.3827,4,0,0.4108,24,1
230.6,0,1,0.0779,0.1125,2,0,0.2989,8,0
216.09,0,29,0.1645,-0.2358,2,0,0.4468,35,1
896.78,1,12,0.8623,0.0641,3,0,0.3566,1,1
4242.78,2,40,0.6651,0.0437,1,1,0.1467,7,0
1806.47,1,56,0.7038,-0.1506,1,0,0.1643,4,0
218.08,0,32,0.587,0.1567,0,0,0.693,8,0
1070.11,1,37,0.4717,-0.4295,3,0,0.4854,27,0
352.64,0,41,0.5317,0.0956,1,0,0.8685,8,0
2748.73,2,56,0.6835,-0.1598,4,2,0.5449,50,1
1023.38,1,3,0.2524,0.0441,2,1,0.8457,1,0
322.53,0,19,0.3807,-0.111,0,0,0.2117,0,1
523.5,0,17,0.3119,0.0349,0,0,0.7755,3,0
426.56,0,43,0.5354,-0.074,1,0,0.6846,5,1
1656.02,2,27,0.2825,-0.2967,4,0,0.5709,57,1
383.13,0,47,0.0443,0.0805,2,0,0.2712,2,0
1216.28,1,29,0.4762,0.1531,1,0,0.8623,4,0
993.72,1,59,0.6004,-0.005,1,0,0.6374,0,1
1322.42,1,47,0.4981,0.0599,0,0,0.8085,6,0
309.73,0,2,0.2293,0.1105,1,0,0.5604,6,0
2574.44,2,60,0.581,-0.2636,6,1,0.7048,35,1
302.57,0,58,0.3879,-0.0473,0,2,0.6154,7,1
439.15,1,3,0.2411,0.1173,1,0,0.1973,6,1
865.3,1,24,0.8147,-0.0018,1,0,0.5896,0,0
704.39,1,59,0.2742,-0.0548,2,0,0.3197,0,0
1584.41,2,51,0.3721,-0.0431,4,0,0.788,7,0
479.04,0,29,0.486,-0.2241,5,0,0.2776,29,1
1061.77,1,33,0.5064,-0.1759,1,0,0.3254,5,0
286.99,0,2,0.8382,-0.2943,9,1,0.7111,42,1
237.98,0,34,0.3784,0.0246,1,0,0.3854,3,0
321.67,0,40,0.4791,0.0872,1,0,0.7194,4,0
410.3,0,22,0.4264,0.2719,1,1,0.2056,5,1
217.12,0,19,0.6407,0.0159,0,1,0.773,6,0
289.51,0,50,0.586,-0.4162,6,1,0.0773,18,0
392.96,0,27,0.3325,-0.1551,4,2,0.2671,50,1
451.97,1,16,0.5647,0.0903,1,1,0.8838,5,0
872.25,1,23,0.7738,0.123,1,0,0.6587,8,0
249.54,0,30,0.5045,-0.247,4,1,0.4441,47,0
276.73,0,16,0.0669,0.0773,2,0,0.5545,4,1
243.3,0,34,0.58,0.0295,0,0,0.7232,3,0
933.92,1,52,0.5768,-0.2882,8,0,0.05,25,1
568.58,0,45,0.6492,-0.1296,1,0,0.4626,32,1
258.92,0,14,0.7073,-0.1808,0,0,0.3994,0,0
321.17,0,29,0.6176,0.2293,1,0,0.7563,3,0
582.92,0,33,0.5413,0.0153,2,0,0.6263,3,0
239.22,0,41,0.2509,0.0734,0,0,0.7348,2,1
1679.68,1,46,0.3043,-0.28,3,0,0.05,45,0
891.66,1,30,0.4756,0.1745,0,2,0.6542,1,0
1660.52,1,19,0.1302,-0.1126,4,3,0.3174,41,0
1157.24,1,40,0.7125,-0.1366,2,3,0.491,2,0
990.99,1,8,0.2803,-0.0117,0,0,0.3567,1,1
283.41,0,41,0.2887,0.0466,1,1,0.4521,8,0
715.38,1,54,0.6417,-0.1064,3,0,0.4645,8,0
913.92,1,43,0.2806,-0.3406,5,0,0.2689,47,0
397.01,0,27,0.5386,0.1246,1,0,0.515,2,0
885.93,1,50,0.738,-0.3534,6,0,0.5235,18,0
259.58,0,32,0.2757,-0.0754,6,0,0.5074,10,0
815.21,1,33,0.3829,-0.0837,2,0,0.8817,7,1
1259.65,1,52,0.2628,0.0076,1,1,0.8642,1,0
3685.02,2,12,0.7113,-0.005,2,4,0.2597,4,0
1900.21,2,47,0.4524,-0.3858,7,0,0.1778,24,1
704.31,1,41,0.3395,-0.0065,2,0,0.2543,8,0
1016.37,1,32,0.6747,-0.1604,1,1,0.3779,1,0
1519.08,1,5,0.4545,0.1006,2,1,0.224,0,0
433.1,0,46,0.2437,0.0827,2,1,0.5812,5,0
574.25,1,14,0.3498,0.0722,1,0,0.2177,4,0
264.4,0,54,0.4639,0.063,3,1,0.6608,0,0
209.38,0,48,0.1622,-0.0084,3,1,0.3035,2,1
264.08,0,22,0.1012,-0.0407,1,0,0.6014,3,0
1560.51,1,27,0.7552,-0.1212,7,4,0.4324,54,1
176.26,0,2,0.2364,-0.4352,4,0,0.395,38,1
164.56,0,30,0.6512,0.0179,1,0,0.3816,6,0
217.0,0,4,0.5907,-0.1606,1,0,0.05,47,0
320.68,0,60,0.7792,-0.4434,6,4,0.5636,26,1
360.37,0,39,0.4926,-0.0958,5,0,0.2068,19,0
1037.25,1,15,0.4211,0.0448,0,0,0.6536,4,1
437.63,0,49,0.3591,0.0343,0,0,0.5864,5,0
480.17,1,2,0.3067,-0.0342,0,0,0.3856,0,1
3637.83,2,33,0.3465,-0.2685,2,0,0.6114,11,1
259.99,0,7,0.5869,0.0762,1,0,0.3669,8,1
374.62,0,4,0.621,-0.2793,6,0,0.0962,9,1
560.05,1,15,0.1679,-0.2829,7,0,0.1511,11,0
290.5,0,18,0.5745,0.1404,1,0,0.5551,8,0
315.0,0,44,0.3547,-0.3798,6,0,0.4867,57,1
3596.57,2,54,0.8359,-0.1118,2,0,0.5487,3,0
1378.0,2,47,0.4652,0.1559,2,0,0.4362,1,1
899.63,1,45,0.1487,0.126,1,0,0.5053,6,0
198.35,0,34,0.6049,-0.0221,2,0,0.8214,4,0
1062.25,1,23,0.163,-0.1052,0,0,0.4456,8,0
1168.23,1,16,0.2734,-0.3932,4,0,0.3824,35,0
455.04,0,57,0.4276,-0.0237,1,0,0.6048,6,0
738.01,1,32,0.2657,-0.3612,7,2,0.05,48,1
401.18,0,34,0.5671,0.1495,3,1,0.605,5,0
466.94,0,1,0.412,0.0366,2,1,0.2368,7,1
500.74,1,28,0.2719,-0.2544,8,0,0.4821,14,1
359.32,0,41,0.5693,-0.0009,0,0,0.3228,1,0
405.6,0,30,0.2411,-0.0673,3,0,0.1931,4,1
812.95,1,37,0.4874,-0.1301,1,0,0.3852,2,0
1570.98,2,49,0.0599,-0.3412,8,0,0.1493,10,1
1238.0,1,2,0.1002,0.11,3,0,0.8521,0,0
584.87,1,55,0.6046,-0.1486,2,0,0.2657,41,0
2254.76,2,50,0.7209,-0.3434,2,0,0.7184,44,0
285.96,0,26,0.5681,-0.0185,1,0,0.5978,0,0
372.53,0,46,0.2378,0.0284,0,2,0.1836,5,1
232.89,0,4,0.3414,-0.0021,1,1,0.4704,4,0
228.21,0,19,0.2829,0.1436,0,0,0.6244,7,0
921.35,1,7,0.3383,0.0693,0,0,0.6231,3,0
412.45,0,39,0.3595,0.0142,1,1,0.5745,3,0
645.8,0,52,0.8679,-0.0587,7,0,0.05,45,0
171.1,0,37,0.7003,-0.0989,0,0,0.951,5,0
323.84,0,43,0.5073,-0.2033,0,2,0.388,3,0
1640.8,2,9,0.4504,-0.3819,5,0,0.5319,55,1
414.25,0,57,0.5995,0.0006,0,0,0.8924,0,0
208.8,0,12,0.2267,-0.181,6,0,0.05,10,1
229.01,0,32,0.447,0.0037,2,0,0.4383,1,0
235.95,0,41,0.7571,-0.08,5,1,0.172,41,1
866.58,1,52,0.3822,-0.2748,0,0,0.7102,6,1
324.73,0,57,0.166,0.0727,2,0,0.8319,1,0
343.5,0,36,0.4031,0.0411,1,0,0.9054,5,1
289.42,0,35,0.5863,0.1014,0,0,0.6018,2,1
558.78,1,26,0.3837,0.0227,2,1,0.8377,8,1
1148.2,1,35,0.6572,0.1347,0,1,0.5595,5,0
873.66,1,41,0.2126,-0.0906,7,0,0.527,26,1
1336.53,1,39,0.4822,0.0159,1,0,0.5639,2,0
694.72,1,36,0.6761,0.0441,1,0,0.7021,7,0
165.52,0,27,0.3374,-0.2858,4,0,0.3152,30,1
286.57,0,12,0.5833,0.0616,0,0,0.4741,5,0
1400.81,1,4,0.6095,-0.2445,2,0,0.3655,23,0
306.8,0,26,0.2075,0.0469,1,1,0.6521,4,0
829.93,1,24,0.3961,0.0007,2,0,0.5674,2,0
213.85,0,37,0.5191,-0.4241,4,0,0.546,28,1
1646.55,1,55,0.4592,-0.1474,1,0,0.5865,0,0
1673.82,2,43,0.9384,-0.0429,1,0,0.4316,1,0
690.44,1,49,0.507,0.1792,1,0,0.4379,5,0
2929.94,2,35,0.4505,-0.0473,0,0,0.0714,2,0
464.8,1,56,0.4131,0.0122,1,4,0.2936,6,0
3749.32,2,57,0.3004,-0.4053,6,2,0.1454,35,1
360.81,0,10,0.6389,0.0074,4,0,0.888,1,0
397.27,0,39,0.6984,-0.0634,0,0,0.3602,6,1
1082.0,1,31,0.3692,0.1398,2,0,0.4193,4,0
274.1,0,59,0.2545,-0.3823,5,0,0.3362,28,1
199.89,0,36,0.6661,-0.0021,2,0,0.5943,0,0
2285.17,2,1,0.4519,-0.3505,11,2,0.3797,16,1
632.63,1,13,0.7197,0.0073,1,0,0.9265,1,0
343.79,0,8,0.9261,-0.1134,4,0,0.4116,43,0
384.62,0,13,0.7232,-0.0231,0,1,0.3937,2,0
486.27,0,6,0.5925,-0.1081,0,0,0.8594,6,0
330.3,0,47,0.5952,-0.2043,5,0,0.1936,10,0
3317.03,2,30,0.74,-0.0415,1,2,0.5451,6,0
261.36,0,41,0.8558,-0.2355,8,2,0.5015,45,1
245.3,0,60,0.3811,-0.0318,2,0,0.8304,1,0
1050.48,1,39,0.5969,-0.0691,5,0,0.644,28,1
253.31,0,29,0.168,0.0502,0,0,0.0677,7,0
318.65,0,17,0.5476,-0.0993,6,0,0.3693,53,0
613.88,1,46,0.9035,0.0271,0,0,0.5129,1,0
653.7,1,31,0.9405,0.016,1,1,0.2517,8,0
2997.75,2,46,0.4525,0.1394,3,0,0.1954,2,0
1213.86,1,2,0.6133,-0.0541,6,0,0.6926,15,0
205.39,0,10,0.4892,-0.2186,5,0,0.1945,25,0
1125.45,1,8,0.3209,-0.4348,8,4,0.05,43,1
1991.75,2,41,0.357,-0.0869,1,0,0.6833,4,1
895.16,1,32,0.2102,0.0998,0,3,0.0513,7,0
3940.86,2,20,0.2013,0.0264,4,0,0.3439,0,1
1180.68,1,19,0.7062,-0.0301,1,0,0.5928,4,0
3170.93,2,37,0.4755,-0.0742,6,0,0.3435,10,0
565.64,0,58,0.2341,0.1558,4,0,0.7835,6,0
695.66,1,60,0.825,0.0665,2,0,0.4322,4,0
205.37,0,29,0.7663,0.0801,4,0,0.5018,0,0
691.23,1,41,0.3201,-0.3891,4,0,0.1608,47,1
814.15,1,6,0.622,0.0542,0,0,0.7409,2,0
1052.72,2,57,0.3381,-0.0861,1,2,0.5838,2,1
2231.93,2,2,0.7532,-0.1372,0,2,0.7551,3,0
239.67,0,21,0.4591,0.174,0,0,0.8003,2,0
1170.91,1,44,0.7784,0.0408,1,0,0.2431,2,0
1006.84,1,59,0.6584,0.0279,3,0,0.5614,4,0
235.01,0,11,0.6118,-0.3601,3,0,0.3219,36,0
356.51,0,40,0.7239,-0.0864,0,0,0.5085,1,0
373.54,0,12,0.1617,-0.2994,9,0,0.6023,39,1
680.09,1,4,0.3656,-0.1612,2,0,0.3989,2,0
244.04,0,26,0.6676,-0.0331,1,0,0.3773,2,0
1101.41,2,35,0.7407,0.0317,2,4,0.5183,2,0
197.98,0,16,0.7769,0.1592,0,0,0.3258,4,0
1850.77,2,59,0.1112,0.1043,0,0,0.8998,0,0
297.63,0,37,0.4863,-0.1739,6,0,0.05,57,0
639.28,1,27,0.2659,0.3001,2,0,0.2391,2,1
242.3,0,30,0.1314,-0.4076,2,0,0.2123,26,1
579.61,1,28,0.6104,-0.245,2,1,0.2278,38,1
944.93,1,7,0.2111,0.0746,0,0,0.7226,4,1
2785.62,2,37,0.5621,0.0205,1,0,0.8351,3,0
1024.59,1,48,0.3682,-0.0037,1,0,0.4139,3,0
291.26,0,26,0.5771,-0.0912,1,0,0.7781,1,0
169.1,0,26,0.6499,-0.1088,2,0,0.2341,2,0
233.43,0,55,0.4593,-0.4251,6,1,0.05,17,1
251.47,0,37,0.2706,-0.18,3,0,0.2494,28,0
772.84,1,18,0.8026,0.1848,0,0,0.5251,6,0
913.67,1,1,0.1749,0.0297,0,0,0.3388,1,0
1465.81,1,50,0.2488,0.2293,2,1,0.809,2,1
3188.98,2,38,0.3573,-0.3671,4,1,0.5348,56,1
629.92,1,38,0.2146,-0.0391,2,1,0.2132,0,0
1128.52,1,17,0.0969,-0.4311,4,0,0.2554,24,1
362.85,0,12,0.726,-0.0059,1,0,0.8496,3,0
218.71,0,30,0.7457,-0.374,3,1,0.0601,40,1
1197.9,1,46,0.4735,0.1638,1,0,0.3048,3,0
2268.99,2,18,0.4546,0.1299,0,3,0.5401,0,0
177.04,0,32,0.3823,-0.2107,6,1,0.1528,26,1
1043.72,1,60,0.6431,0.1018,0,0,0.7253,6,0
960.22,1,14,0.0999,-0.0349,0,0,0.6082,4,0
267.79,0,14,0.2849,-0.2719,6,1,0.1491,56,1
286.22,0,15,0.3235,0.0898,0,0,0.6678,2,0
1865.98,2,55,0.485,-0.0418,0,0,0.8915,4,0
1101.87,1,32,0.6372,-0.0981,2,0,0.2272,26,0
285.62,0,56,0.2754,-0.2737,5,1,0.1055,46,1
2543.97,2,57,0.8001,0.1311,2,0,0.7751,2,0
328.61,0,26,0.3821,0.0317,2,0,0.899,1,0
1602.18,2,4,0.4011,0.0194,1,0,0.6684,2,1
212.06,0,19,0.7058,-0.144,3,0,0.4473,43,1
410.65,1,33,0.4003,-0.0153,1,0,0.7197,7,0
353.38,0,23,0.6125,-0.0964,1,0,0.4512,4,0
189.73,0,1,0.4189,-0.2458,9,0,0.064,9,1
2513.98,2,60,0.1313,-0.0817,3,0,0.6402,8,1
330.21,0,19,0.5899,0.0268,0,0,0.4471,1,0
358.06,0,38,0.1614,-0.0543,4,0,0.341,56,1
190.28,0,57,0.7717,-0.4015,4,0,0.3994,34,1
869.93,1,33,0.768,-0.1562,7,0,0.2274,45,0
1596.9,1,42,0.3588,-0.0806,3,0,0.4165,7,0
4373.13,2,3,0.7939,-0.2221,6,0,0.1179,22,1
409.71,0,42,0.2401,-0.391,9,1,0.5151,43,1
326.36,0,51,0.3073,-0.13,6,0,0.05,54,1
203.99,0,56,0.4669,0.1474,2,1,0.8018,1,0
1144.52,1,6,0.2043,-0.053,0,0,0.4893,2,0
2270.87,2,14,0.0893,-0.3439,2,0,0.0709,24,1
1082.91,1,3,0.5498,-0.0231,1,0,0.4103,8,0
713.17,1,56,0.521,0.0331,1,0,0.05,2,0
272.97,0,17,0.7058,0.0132,3,0,0.5409,2,0
2541.92,2,32,0.6856,0.112,4,0,0.4997,1,1
316.11,0,29,0.6307,-0.0421,1,0,0.3906,4,0
344.7,0,42,0.8156,0.1474,1,0,0.308,8,0
236.79,0,54,0.2242,0.1805,2,0,0.8387,1,0
181.22,0,20,0.6391,0.0457,1,1,0.2227,8,1
512.12,0,48,0.6465,-0.059,0,1,0.2408,7,0
693.06,0,18,0.4226,0.0159,1,0,0.7843,8,1
339.16,0,12,0.5955,0.0075,0,0,0.7129,3,0
559.94,1,7,0.3222,0.1972,1,2,0.1969,3,1
221.24,0,23,0.7208,0.0097,0,0,0.553,5,0
346.57,0,34,0.906,0.1583,2,0,0.5636,4,0
3837.65,2,47,0.4827,0.0311,1,0,0.3432,4,0
582.14,1,51,0.6595,-0.3633,9,0,0.4469,29,1
852.1,1,32,0.2123,-0.0154,1,2,0.4374,5,0
310.58,0,25,0.546,-0.2059,5,0,0.05,34,0
3248.1,2,11,0.2269,-0.3147,4,0,0.5055,32,0
257.14,0,55,0.3297,-0.2307,4,0,0.3685,21,0
167.76,0,24,0.5723,-0.4137,6,0,0.2418,59,0
2982.88,2,46,0.4679,0.1641,2,0,0.05,6,0
1319.36,1,38,0.3412,-0.1814,3,0,0.05,46,0
864.64,1,56,0.9667,-0.1964,4,0,0.612,54,0
1025.62,1,59,0.4374,-0.2491,5,0,0.2263,44,0
753.82,1,43,0.4918,-0.4051,9,0,0.5207,57,1
215.69,0,40,0.3664,-0.0436,1,0,0.432,7,0
415.35,0,9,0.4121,0.0081,0,0,0.6103,6,0
332.12,0,1,0.4612,-0.1724,3,0,0.3486,18,0
344.3,0,33,0.438,0.2291,1,0,0.3376,7,1
4060.11,2,43,0.5821,0.019,0,0,0.6163,5,0
200.47,0,45,0.7196,0.0017,1,0,0.4822,5,0
733.64,1,16,0.3607,-0.4308,8,1,0.05,17,0
940.58,1,31,0.4213,-0.0772,1,0,0.8593,8,0
730.49,1,52,0.2957,-0.3528,2,0,0.3948,37,0
381.45,0,6,0.3691,-0.3105,7,0,0.591,27,1
271.59,0,24,0.7748,-0.1224,3,0,0.4127,4,0
1695.68,2,57,0.2143,-0.0466,1,0,0.6076,6,1
910.73,1,12,0.1181,-0.0787,11,0,0.2668,45,0
944.67,1,20,0.7338,-0.1281,5,0,0.1894,18,1
3328.79,2,29,0.0379,0.0306,2,1,0.7548,7,0
1021.29,1,42,0.5112,-0.3693,9,0,0.2751,27,1
340.8,0,16,0.8821,-0.089,0,1,0.2749,7,1
995.58,1,48,0.4622,-0.1268,7,0,0.3059,57,1
271.51,0,15,0.4077,-0.361,2,0,0.05,48,0
692.66,1,23,0.6545,0.0267,2,0,0.8239,8,0
2655.31,2,35,0.0744,-0.4076,3,0,0.6164,49,1
792.05,1,1,0.2295,0.0752,2,0,0.5816,3,0
523.91,0,47,0.491,-0.3408,6,3,0.4168,11,1
463.89,0,41,0.5607,0.107,0,0,0.3119,0,0
2995.05,2,51,0.2056,0.0864,2,0,0.2544,4,0
331.07,0,17,0.5104,-0.2481,5,0,0.302,25,1
281.21,0,24,0.9145,-0.2485,5,0,0.2686,13,0
186.51,0,54,0.4193,0.1112,1,0,0.6328,2,0
268.87,0,5,0.8856,-0.0254,1,0,0.8517,4,0
300.48,0,30,0.7294,-0.231,1,0,0.5973,3,0
964.42,1,30,0.367,-0.4195,3,0,0.344,11,1
341.8,0,27,0.7917,-0.0354,0,0,0.9838,7,0
400.35,0,27,0.5248,-0.2256,4,0,0.3487,47,1
227.61,0,45,0.3843,-0.2808,8,0,0.3505,26,0
228.33,0,12,0.4291,-0.3627,2,0,0.2176,37,0
481.87,0,54,0.1376,0.2209,0,2,0.1478,0,0
1165.69,1,54,0.2903,-0.0325,2,0,0.7423,3,1
252.93,0,11,0.1049,-0.4142,6,0,0.05,34,0
279.32,0,59,0.5074,-0.2257,7,0,0.1736,19,1
279.76,0,16,0.4343,-0.0345,0,1,0.1124,8,1
293.22,0,4,0.2409,-0.0886,0,0,0.4763,4,0
342.17,0,24,0.1787,-0.0098,0,0,0.1202,0,1
704.25,0,48,0.5812,-0.0583,3,2,0.9089,4,1
2564.81,2,51,0.8219,-0.0485,1,0,0.3905,3,0
365.69,0,39,0.3866,0.1723,2,3,0.1417,8,1
493.22,1,49,0.6891,0.0324,2,0,0.7648,5,0
244.73,0,16,0.2748,-0.0065,0,0,0.7424,4,0
445.84,0,53,0.338,0.1798,1,1,0.7512,3,0
333.85,0,39,0.8078,-0.0095,0,0,0.8,4,0
191.53,1,9,0.4977,-0.3767,5,0,0.0773,17,0
1126.79,1,8,0.3149,-0.1644,4,0,0.4867,19,1
567.5,0,17,0.1387,-0.1191,4,0,0.05,18,0
144.22,0,5,0.3162,-0.1442,0,0,0.7856,6,0
493.57,0,17,0.6742,-0.0972,0,0,0.9495,5,0
109.91,0,60,0.9393,-0.0181,2,0,0.5917,1,0
1235.86,1,15,0.4981,0.1332,2,0,0.477,8,1
289.12,0,39,0.6388,-0.2933,4,0,0.1723,16,1
127.41,0,59,0.1617,0.086,1,3,0.4966,0,0
2805.6,2,16,0.0567,-0.0913,8,0,0.0779,14,1
433.84,0,42,0.6297,-0.037,2,2,0.4613,7,1
329.39,0,28,0.4421,-0.3217,4,0,0.05,35,1
1092.16,1,18,0.2269,-0.2132,5,0,0.1919,32,1
251.09,0,58,0.3165,0.0341,0,0,0.0988,3,0
151.17,0,40,0.3534,-0.3282,5,0,0.1918,33,0
369.46,0,27,0.5312,-0.2923,1,0,0.1352,31,1
4427.71,2,49,0.484,-0.0067,1,0,0.9096,1,0
430.62,0,55,0.4504,0.0749,0,0,0.8061,4,0
144.62,0,47,0.7012,-0.3328,7,0,0.6069,50,1
170.66,0,53,0.8618,0.0606,0,0,0.7337,4,0
215.68,0,20,0.602,0.0768,2,0,0.5267,7,0
509.63,1,21,0.3149,-0.154,6,1,0.2044,10,0
294.52,0,14,0.2714,-0.0886,3,0,0.3075,1,0
1021.39,1,42,0.2312,0.0051,2,2,0.2409,8,1
539.49,1,49,0.159,-0.0327,0,0,0.5985,7,0
1168.2,1,40,0.2499,0.0126,0,0,0.4058,8,0
357.9,0,36,0.1713,-0.0467,1,0,0.498,6,0
1981.02,2,47,0.6663,0.1443,1,0,0.6574,5,0
837.85,1,11,0.4365,0.0387,1,0,0.6879,4,0
146.56,0,22,0.447,-0.1418,1,0,0.5241,6,0
792.29,1,43,0.3078,-0.113,0,0,0.3958,7,1
2406.21,2,4,0.1855,-0.1468,5,0,0.05,35,1
307.64,0,55,0.103,0.002,0,1,0.2518,3,0
2740.32,2,11,0.3519,-0.019,2,1,0.6009,0,1
315.88,0,48,0.6793,0.1329,0,0,0.3358,4,0
811.35,1,37,0.6444,0.0048,2,0,0.383,2,1
2652.86,2,51,0.2851,-0.3188,8,0,0.1299,14,1
411.82,0,47,0.3856,-0.0928,2,0,0.3325,3,0
860.74,1,31,0.5529,0.0828,0,0,0.5692,0,0
324.1,0,46,0.7027,0.2229,3,0,0.2331,0,0
833.86,1,21,0.5992,-0.2955,4,2,0.5487,35,1
709.71,1,36,0.9252,-0.0182,2,0,0.895,3,0
348.24,0,55,0.4611,-0.0027,2,0,0.5779,2,0
238.78,0,6,0.2124,0.0248,1,0,0.38,3,0
331.97,0,22,0.4495,-0.1228,3,1,0.05,23,1
292.88,0,2,0.5085,0.0223,3,0,0.3177,5,0
260.73,0,33,0.8283,-0.4441,8,0,0.0616,31,0
258.53,0,47,0.3658,0.1973,0,1,0.8846,7,0
242.75,0,3,0.908,0.1291,0,0,0.3281,1,0
163.02,0,33,0.4542,0.213,0,0,0.6839,8,0
1017.63,1,25,0.606,0.1881,1,1,0.6486,2,0
965.13,1,47,0.6358,-0.427,11,1,0.4064,45,1
1198.24,1,14,0.3989,0.0226,0,0,0.7548,2,0
240.78,0,10,0.1099,0.0545,3,0,0.264,8,0
4659.24,2,6,0.2109,-0.147,1,0,0.8163,5,1
779.24,1,25,0.1197,0.033,1,1,0.8048,1,0
213.49,0,30,0.177,0.0766,1,2,0.5657,3,0
204.81,0,56,0.1943,-0.0083,2,0,0.8227,4,0
485.1,1,28,0.5596,-0.1401,3,2,0.2741,14,1
495.86,0,11,0.7909,-0.2912,7,0,0.0784,57,1
1438.12,1,42,0.2034,0.0606,1,0,0.5714,4,0
2961.6,2,4,0.723,-0.2701,2,0,0.5284,30,1
211.93,0,21,0.3031,0.0942,2,4,0.5154,6,0
546.66,0,40,0.1865,0.1568,0,0,0.1213,8,0
2122.02,2,16,0.5754,0.1363,1,2,0.9571,4,0
810.02,1,36,0.812,-0.2439,3,0,0.386,26,1
479.59,0,28,0.2372,-0.0309,2,1,0.4884,6,0
3022.51,2,58,0.4889,-0.0228,1,0,0.3853,0,1
5185.44,2,18,0.1535,-0.0766,2,0,0.5906,5,0
970.95,1,55,0.6474,0.1965,3,0,0.7145,7,0
774.53,1,38,0.2255,0.0242,1,0,0.4426,8,0
234.1,0,45,0.684,-0.0972,8,0,0.2019,35,1
151.93,0,11,0.4967,-0.2812,7,0,0.221,34,1
807.31,1,2,0.1409,0.1019,3,0,0.185,7,0
432.89,0,44,0.6091,-0.0209,4,0,0.4736,3,0
1097.53,1,29,0.8161,0.1461,1,0,0.0931,1,1
896.35,1,19,0.2726,-0.0485,1,0,0.6209,8,0
204.72,0,54,0.368,-0.2103,8,0,0.4717,44,1
963.55,1,20,0.1031,-0.3274,3,0,0.05,14,0
413.38,0,27,0.4083,-0.0266,0,0,0.2892,7,0
2790.5,2,44,0.6844,0.1618,1,0,0.6816,0,0
307.43,0,58,0.3785,0.1349,2,0,0.3483,1,0
673.36,1,54,0.631,0.069,2,0,0.3768,2,0
1205.6,1,40,0.4937,-0.3056,9,0,0.05,55,1
96.9,0,7,0.3928,0.1,1,0,0.3781,6,0
1017.62,1,7,0.5441,0.0266,0,0,0.4223,6,1
2188.2,1,42,0.4505,0.0249,1,0,0.1904,3,1
524.94,1,31,0.5713,0.0274,0,0,0.5452,5,0
817.9,1,8,0.45,0.017,4,0,0.7351,7,0
2393.36,2,42,0.6665,-0.0666,0,0,0.5753,3,1
246.65,0,57,0.7919,-0.1315,0,3,0.4505,4,1
1279.15,1,4,0.3868,-0.2279,8,2,0.1683,52,1
342.15,0,50,0.1822,0.0499,1,0,0.5701,0,1
938.73,1,21,0.3474,-0.2224,2,1,0.2082,0,0
1176.46,1,24,0.4119,0.0926,0,0,0.7899,3,0
291.71,0,44,0.5644,0.0706,1,0,0.5978,6,0
882.57,0,15,0.3639,-0.2562,2,0,0.5362,10,1
2530.56,2,10,0.787,0.1227,0,0,0.5259,8,0
310.51,0,58,0.7447,-0.4337,7,2,0.4333,38,0
489.1,1,21,0.5805,-0.1867,6,1,0.3526,27,0
239.77,0,11,0.7465,-0.1758,2,0,0.3847,5,1
3586.05,2,42,0.7573,-0.2042,3,1,0.9276,4,0
181.72,0,14,0.3587,-0.0035,1,2,0.7261,0,0
136.28,0,47,0.3152,0.0623,1,0,0.4198,6,0
2427.3,2,5,0.5635,0.115,1,0,0.4473,6,0
3877.65,2,32,0.2915,-0.3573,4,0,0.5835,36,1
294.33,0,25,0.4477,-0.3037,4,0,0.279,32,1
257.81,0,58,0.4557,0.0986,1,0,0.1537,8,0
464.4,1,32,0.4397,0.0072,1,0,0.5201,5,0
2811.61,2,56,0.1778,0.0787,0,0,0.5957,2,0
365.52,0,15,0.3755,-0.0977,3,2,0.05,17,0
477.05,1,29,0.3474,-0.1456,1,0,0.6373,8,0
1323.86,1,49,0.4216,-0.0334,0,0,0.6089,6,0
1163.53,1,10,0.6094,-0.1845,7,0,0.3023,20,0
1322.83,1,56,0.4517,-0.0511,0,0,0.5175,3,0
1091.66,1,47,0.5516,0.0851,1,4,0.1948,0,1
364.55,0,41,0.181,-0.0827,2,0,0.7798,3,0
2879.8,2,15,0.6688,-0.3649,7,0,0.5629,20,1
3252.53,2,50,0.3343,-0.1408,4,3,0.2884,33,1
470.9,1,51,0.245,-0.2874,1,1,0.5944,54,1
171.49,0,18,0.3355,-0.0298,1,1,0.783,8,0
224.14,0,36,0.305,-0.2409,8,1,0.05,18,1
850.47,1,4,0.3781,0.1039,1,0,0.9077,2,0
332.2,0,24,0.8168,0.0081,1,0,0.2101,6,0
2688.83,2,10,0.2476,-0.0632,10,0,0.5103,50,0
428.75,0,34,0.5012,-0.081,3,0,0.4755,51,1
1330.35,1,33,0.676,-0.0798,6,0,0.5719,59,0
1768.5,2,32,0.613,-0.0316,0,1,0.6491,0,0
315.26,0,41,0.1625,-0.0833,7,0,0.7268,22,0
215.54,0,56,0.4298,0.1304,2,1,0.3011,4,0
833.25,1,12,0.1713,0.1634,1,0,0.7119,3,1
996.1,1,13,0.9169,-0.4019,5,0,0.4531,43,1
87.96,0,13,0.6308,0.1524,1,0,0.9035,0,0
2069.7,1,56,0.3566,-0.0397,0,0,0.4109,7,0
2926.22,2,6,0.4232,0.1872,1,0,0.677,7,1
235.42,0,2,0.1406,-0.3003,4,0,0.3438,29,0
569.33,0,10,0.8486,-0.3449,2,0,0.5462,49,1
256.8,0,47,0.3876,-0.2432,4,0,0.1369,25,1
303.77,0,35,0.4429,0.0526,2,0,0.3958,6,1
244.54,0,56,0.1129,-0.0445,0,0,0.9434,6,0
517.02,0,13,0.5986,0.0347,1,2,0.9103,5,0
857.89,1,24,0.1613,-0.1791,8,0,0.2691,14,0
305.58,0,34,0.7517,-0.1283,6,1,0.05,46,0
3657.55,2,5,0.3418,0.0855,0,0,0.3423,6,0
355.91,0,56,0.407,-0.2491,7,0,0.3127,33,1
284.54,0,49,0.3706,-0.0527,2,1,0.0914,0,1
1312.72,1,9,0.4264,-0.127,2,0,0.8798,6,0
5835.37,2,51,0.5788,0.0112,0,0,0.4072,7,0
324.07,0,27,0.445,-0.3842,5,0,0.3561,14,1
302.1,0,21,0.758,-0.2019,3,0,0.05,37,0
307.85,0,57,0.8501,-0.1871,1,0,0.7342,7,0
1407.92,1,32,0.1446,-0.2275,5,0,0.645,9,0
235.14,0,14,0.3119,0.071,1,1,0.8336,6,0
263.08,0,49,0.4274,-0.1435,0,1,0.8448,6,1
169.32,0,43,0.3845,0.001,1,0,0.4387,2,0
191.62,0,12,0.9296,-0.0631,0,0,0.1776,1,0
2002.18,2,41,0.684,-0.174,7,0,0.4341,22,1
872.75,1,38,0.5172,-0.371,3,0,0.5658,42,1
538.65,0,17,0.502,0.0229,1,0,0.7834,5,0
349.84,0,26,0.424,-0.424,3,0,0.188,47,1
210.75,0,51,0.3223,-0.3451,3,0,0.1508,14,1
224.77,0,11,0.5074,-0.0684,0,2,0.2765,5,1
1439.98,1,44,0.5499,0.1323,0,0,0.1902,7,0
3560.08,2,50,0.4619,-0.2268,3,1,0.0563,29,1
2423.76,2,57,0.454,0.0566,0,0,0.444,7,1
2055.63,2,20,0.8694,-0.3388,4,0,0.3249,31,1
3557.99,2,16,0.16,0.0655,1,0,0.5688,4,1
1695.21,2,57,0.0383,-0.2289,0,0,0.8326,8,0
332.65,0,28,0.7132,0.1351,2,4,0.7414,6,1
642.46,0,35,0.8261,-0.0255,1,0,0.485,8,0
311.61,0,31,0.305,-0.0626,5,0,0.05,38,0
678.41,1,31,0.4686,-0.0862,1,0,0.5388,6,0
334.79,0,38,0.4209,-0.2688,5,0,0.05,57,1
755.0,1,26,0.357,0.009,1,0,0.8314,0,0
546.36,1,24,0.2397,-0.0842,2,0,0.2213,41,1
1137.5,1,25,0.3814,-0.3598,6,0,0.0962,12,0
428.86,0,40,0.3913,-0.0871,5,0,0.5505,49,0
260.1,0,50,0.7664,-0.0324,3,0,0.4657,6,0
254.13,0,34,0.4801,-0.0374,0,0,0.5549,0,0
1714.16,2,41,0.4712,-0.0026,1,1,0.6657,5,0
844.5,1,25,0.569,0.0863,1,0,0.8009,6,0
730.98,1,47,0.2443,0.0166,1,0,0.3762,5,1
203.57,0,24,0.45,-0.0342,0,0,0.6228,2,0
562.36,0,26,0.3859,-0.2914,9,3,0.2262,19,1
341.43,0,4,0.6152,0.1419,1,0,0.4854,5,0
1087.42,1,16,0.5641,0.1255,3,2,0.6796,2,0
1212.47,1,45,0.2001,0.0566,2,0,0.4597,1,0
379.84,0,6,0.694,0.0349,2,0,0.4148,5,1
2076.91,2,14,0.2662,-0.3402,5,1,0.3658,50,0
319.03,0,47,0.4554,-0.3873,5,0,0.2638,35,0
2184.33,2,53,0.7156,0.0381,4,2,0.7254,7,0
338.1,0,25,0.8853,-0.084,6,0,0.5294,50,0
326.84,0,25,0.5928,0.0557,2,3,0.4411,2,0
778.44,1,31,0.8123,-0.1162,3,0,0.3249,17,0
182.11,0,47,0.7457,-0.1797,3,0,0.2041,43,1
305.23,0,29,0.628,-0.0615,4,0,0.1602,11,0
269.99,0,11,0.5587,-0.0518,0,0,0.549,3,0
149.64,0,26,0.7392,-0.12,0,0,0.9534,0,1
1063.06,1,16,0.9696,-0.0536,1,0,0.7543,3,0
3364.7,2,42,0.4472,-0.014,0,0,0.3346,0,0
5814.73,2,9,0.2976,-0.3327,5,0,0.3521,15,1
252.89,0,37,0.3091,0.1489,0,0,0.6715,2,0
737.06,1,8,0.544,0.2141,2,0,0.6347,1,0
196.68,0,59,0.68,0.0302,2,0,0.1893,0,0
311.97,0,39,0.1909,-0.0019,0,0,0.3302,8,0
311.28,0,9,0.6664,0.098,1,0,0.7735,3,0
1806.72,2,58,0.3969,-0.1577,4,0,0.4081,12,0
2257.47,2,35,0.8078,-0.2063,7,0,0.1735,10,1
445.27,1,37,0.6818,-0.0167,1,0,0.2941,3,0
1230.84,1,4,0.4023,-0.4477,3,1,0.6192,23,1
221.44,0,12,0.3295,-0.3085,4,0,0.4916,56,0
879.27,1,49,0.4379,-0.4086,4,0,0.4237,10,1
540.17,1,29,0.4686,-0.4304,4,0,0.1618,22,1
236.53,0,37,0.7595,0.0998,0,1,0.7951,4,0
262.97,0,60,0.4772,-0.3702,5,0,0.1735,46,1
288.86,0,26,0.24,-0.0465,1,0,0.2589,1,0
2838.78,2,23,0.6232,-0.0516,2,0,0.2055,1,0
479.89,0,49,0.6245,-0.1577,7,2,0.3852,19,1
3101.6,2,4,0.7734,-0.2106,9,0,0.3632,39,1
406.12,0,28,0.4912,-0.2991,11,0,0.5063,14,1
1476.39,1,52,0.7014,-0.3573,7,0,0.2663,46,1
353.99,0,14,0.5062,-0.188,10,0,0.5058,23,0
286.3,0,19,0.3283,0.2388,0,1,0.5566,8,0
412.84,0,29,0.1941,-0.3117,4,0,0.5103,46,0
422.18,0,5,0.3843,-0.0707,0,0,0.6142,3,0
3011.59,2,5,0.146,-0.1685,1,2,0.3749,0,0
174.3,0,16,0.5167,-0.3908,7,0,0.2455,53,1
662.96,1,54,0.477,-0.1844,6,0,0.4543,22,0
263.4,0,14,0.3614,-0.2048,4,0,0.3927,22,0
380.98,0,44,0.8451,-0.3267,4,3,0.2065,50,1
883.38,1,26,0.2201,0.0284,0,1,0.4103,5,0
431.72,0,46,0.4276,-0.1573,2,0,0.5233,6,0
3803.04,2,20,0.5936,-0.3917,11,1,0.3605,36,1
1354.15,1,53,0.1901,-0.1306,7,0,0.05,43,1
1357.18,1,23,0.8579,-0.1485,3,0,0.1598,58,0
201.73,0,48,0.8973,0.1157,2,0,0.9338,5,0
343.37,0,50,0.6321,0.1138,0,0,0.6361,4,0
1940.28,2,26,0.1925,-0.0948,1,0,0.3737,4,1
162.83,0,41,0.7406,0.0493,3,0,0.6547,0,0
262.24,0,8,0.4318,0.0403,0,0,0.3683,8,0
461.06,0,30,0.5587,0.0132,1,0,0.7119,1,0
1045.74,1,23,0.9674,-0.4138,7,1,0.05,35,0
1803.45,1,58,0.4857,0.0052,1,1,0.6123,3,0
946.96,1,57,0.794,0.1139,1,0,0.11,1,1
2096.35,1,48,0.2614,0.0609,1,2,0.8343,0,0
308.59,0,57,0.6497,-0.1728,1,0,0.5107,1,0
2418.96,2,59,0.1206,-0.1943,4,0,0.4388,6,0
185.32,0,47,0.4342,-0.1657,4,0,0.4023,2,0
1312.8,1,36,0.6704,-0.1583,11,0,0.0589,16,1
243.26,0,13,0.7376,-0.0555,2,0,0.5875,5,0
1913.63,2,49,0.2696,-0.33,4,0,0.0501,36,0
454.1,0,12,0.5259,-0.3811,6,0,0.5062,52,1
434.96,0,12,0.7161,-0.2285,6,1,0.3725,31,0
431.0,0,53,0.6897,0.0151,1,1,0.7237,8,0
255.47,0,7,0.6603,0.1344,1,0,0.4675,7,0
284.87,0,9,0.7651,-0.1477,1,0,0.4026,6,0
871.55,1,31,0.7776,0.0534,0,0,0.3357,3,0
381.37,0,36,0.4487,0.0529,1,0,0.2994,1,0
4133.88,2,3,0.397,-0.1063,2,0,0.6414,2,0
329.88,0,23,0.3923,-0.1463,10,0,0.483,53,0
1776.56,1,14,0.3611,0.0573,4,0,0.8546,3,0
396.99,0,19,0.47,-0.3028,6,0,0.2684,38,0
819.78,1,11,0.373,-0.3455,9,1,0.5127,14,1
1189.48,1,41,0.7123,0.1164,1,0,0.1197,0,0
526.87,0,29,0.8498,-0.4278,8,0,0.5454,39,1
4830.11,2,58,0.5752,0.0604,2,2,0.948,8,0
439.35,0,1,0.6564,-0.3191,1,0,0.9258,7,0
292.62,0,47,0.0989,-0.0332,0,0,0.5657,5,0
825.0,1,55,0.687,-0.1234,1,1,0.5119,1,0
1088.82,1,30,0.2811,0.1493,2,0,0.5242,3,1
521.01,0,42,0.4599,-0.0905,4,0,0.2952,2,1
337.55,0,27,0.6657,0.1679,0,0,0.4502,0,0
2813.85,2,36,0.6668,0.1153,2,2,0.5739,1,0
906.16,1,55,0.5804,0.0421,2,0,0.2245,7,0
2139.79,2,32,0.7064,0.1335,2,1,0.5896,0,0
840.9,1,35,0.2485,-0.0744,0,0,0.5394,1,0
933.2,1,60,0.7289,-0.0565,0,0,0.5117,3,0
529.12,0,30,0.739,0.1122,1,0,0.3311,4,0
2206.86,2,11,0.4189,-0.3103,6,0,0.2514,54,1
295.39,0,41,0.4467,-0.053,4,0,0.3468,25,0
657.43,1,42,0.6107,-0.0121,0,0,0.7714,8,0
372.67,0,15,0.5091,-0.0682,1,0,0.8427,6,0
1435.92,1,44,0.274,0.2065,0,1,0.8696,0,0
1571.52,1,4,0.7143,-0.0569,9,0,0.5507,10,1
955.66,1,20,0.2981,-0.2591,7,0,0.698,33,1
2934.37,2,52,0.4583,-0.0801,2,0,0.3315,3,1
274.83,0,38,0.1743,0.0539,1,0,0.7177,7,0
1070.66,1,37,0.6166,0.1388,2,0,0.8125,5,0
323.68,0,38,0.4857,-0.2916,6,1,0.1227,26,1
295.97,0,10,0.614,-0.0751,1,0,0.5634,5,0
304.32,0,58,0.8068,-0.1237,0,0,0.3849,2,0
339.7,0,18,0.8338,-0.0178,3,0,0.7603,2,0
261.63,0,48,0.6471,-0.3673,9,0,0.5567,59,1
817.58,1,60,0.1008,-0.027,0,0,0.649,7,0
1617.76,1,15,0.7326,0.1208,2,0,0.8471,7,0
2298.27,1,39,0.7931,0.0727,1,0,0.9043,1,0
190.25,0,3,0.3103,0.0437,0,0,0.7334,1,0
186.62,0,39,0.3583,0.0707,0,3,0.4922,1,1
207.45,0,27,0.7328,-0.1881,3,0,0.4119,41,0
858.4,1,5,0.365,-0.0298,0,0,0.1873,1,1
3283.77,2,41,0.6149,-0.084,0,4,0.6381,0,1
356.67,0,59,0.824,0.0584,2,4,0.2836,5,0
945.23,1,5,0.6321,-0.0825,1,0,0.3729,0,0
348.98,0,54,0.6827,0.0282,0,0,0.7401,0,0
227.61,0,51,0.7619,0.0035,0,0,0.4119,0,0
266.25,0,33,0.494,-0.1851,7,0,0.1654,19,0
287.97,0,55,0.679,-0.0997,0,0,0.2761,8,0
511.19,1,19,0.6177,-0.3153,1,0,0.3978,59,1
1598.41,2,44,0.0463,-0.2893,2,0,0.5031,47,1
195.85,0,42,0.5092,-0.0764,1,0,0.5708,8,0
1162.89,1,35,0.4527,-0.2291,6,0,0.6117,58,1
969.81,1,51,0.2634,-0.0922,9,0,0.0745,36,1
2972.31,2,53,0.1302,-0.0642,2,0,0.9248,4,0
467.47,1,48,0.4442,-0.1968,4,4,0.3316,30,1
172.54,0,36,0.409,-0.0745,1,0,0.5077,4,0
1122.54,1,59,0.5177,-0.1984,1,0,0.05,35,0
109.66,0,34,0.6119,0.2069,2,0,0.6122,0,0
3684.33,2,39,0.8645,0.0588,0,0,0.7936,7,0
153.2,0,12,0.3784,-0.0553,1,0,0.5533,8,0
1195.59,1,20,0.288,0.0059,1,0,0.5217,2,0
212.49,0,55,0.943,0.1771,0,0,0.5743,7,0
418.63,0,30,0.0898,-0.1541,8,0,0.1419,54,1
7376.69,2,31,0.4376,-0.2294,6,0,0.5184,50,1
401.66,1,49,0.2389,-0.0205,0,0,0.8405,7,0
369.91,0,20,0.74,0.0896,1,0,0.4807,8,0
1274.57,2,16,0.5547,-0.0325,2,0,0.2539,2,0
2786.64,2,1,0.1696,-0.2476,7,0,0.1938,57,1
269.75,0,14,0.5454,0.1263,2,0,0.5688,3,0
931.36,1,31,0.4543,-0.3327,5,0,0.05,29,1
210.77,0,44,0.689,-0.0024,2,0,0.5373,3,0
1169.59,1,20,0.8329,-0.0837,5,0,0.2863,14,1
174.68,0,27,0.6264,-0.0024,1,0,0.803,6,0
447.85,0,14,0.3115,-0.0469,1,0,0.4441,0,0
2079.72,2,49,0.8549,-0.0579,1,0,0.1969,3,0
1468.92,2,32,0.6685,-0.3147,7,0,0.3956,28,1
1555.34,1,9,0.4798,0.0679,1,0,0.3944,0,1
2344.09,2,37,0.6148,-0.3306,7,0,0.0993,27,0
1735.23,1,21,0.4467,-0.1175,1,0,0.3845,5,0
1364.71,1,52,0.5068,-0.1894,3,0,0.5419,22,0
673.08,1,17,0.3196,0.189,0,1,0.4417,0,0
281.5,0,52,0.3495,0.0749,1,2,0.4159,5,1
302.55,0,42,0.2821,-0.0758,1,1,0.6934,5,0
494.77,0,9,0.5201,0.1489,2,0,0.4118,0,0
1037.28,1,46,0.4998,-0.004,0,0,0.5347,2,1
308.46,0,44,0.3644,0.2478,0,0,0.7871,4,0
270.41,0,28,0.5095,-0.1697,6,0,0.62,51,0
874.39,1,10,0.8646,0.0766,3,0,0.7539,2,1
457.83,0,29,0.4923,0.1037,0,1,0.5256,1,0
290.38,0,37,0.6451,-0.2431,4,1,0.5524,25,0
775.08,1,8,0.8439,-0.0239,2,0,0.5255,6,0
1969.72,2,21,0.8201,-0.4461,5,0,0.253,55,0
238.9,0,43,0.8015,-0.0424,0,0,0.3083,8,0
177.53,0,34,0.3921,-0.0161,0,0,0.7084,0,0
223.02,0,60,0.5372,0.0209,0,0,0.5544,6,0
1503.68,1,14,0.6173,0.112,1,2,0.5884,8,0
827.92,1,47,0.3165,-0.013,0,0,0.4766,2,1
371.08,0,26,0.287,-0.2382,2,0,0.3375,55,1
373.78,1,14,0.1879,-0.1055,4,0,0.41,40,1
353.82,0,58,0.6807,0.024,1,0,0.3621,5,0
274.08,0,38,0.4546,-0.4347,2,0,0.3015,55,1
2027.83,2,33,0.7714,-0.3493,3,1,0.7136,16,0
308.96,0,18,0.5473,-0.1896,0,0,0.598,7,0
243.8,0,53,0.2216,-0.3874,9,0,0.0545,27,1
137.9,0,2,0.9273,-0.3815,5,0,0.1378,54,1
1229.06,1,7,0.8351,-0.4053,11,1,0.413,9,0
2613.07,2,11,0.8008,-0.0935,8,0,0.0854,45,1
2150.26,2,40,0.8606,-0.0462,1,0,0.7499,6,0
206.79,0,7,0.2119,-0.3696,6,0,0.05,27,1
173.37,0,48,0.762,-0.4481,5,0,0.4359,58,1
962.55,1,12,0.7792,-0.0426,0,0,0.227,4,1
510.09,0,41,0.4834,-0.0132,1,0,0.5687,5,0
2576.87,2,48,0.6687,0.1153,0,0,0.7429,1,0
548.54,1,53,0.3024,0.1207,2,0,0.4763,5,0
313.77,0,18,0.6896,-0.0152,0,0,0.6688,6,1
873.54,1,5,0.9279,-0.0407,3,0,0.3126,1,0
392.41,0,46,0.3926,-0.2643,6,0,0.4718,17,1
358.61,0,27,0.2416,0.0454,2,0,0.4964,1,1
312.99,1,57,0.3048,0.1013,1,0,0.4484,0,0
1077.13,1,12,0.5649,0.0351,2,0,0.4088,8,0
626.41,1,35,0.4526,-0.2153,6,1,0.2262,10,0
541.11,1,8,0.5366,0.1987,3,0,0.7268,6,0
2246.79,2,30,0.2633,-0.1903,1,1,0.1857,0,1
2771.28,2,1,0.8272,0.1078,0,2,0.7196,4,0
501.18,1,46,0.4646,0.0417,1,0,0.5654,0,0
371.1,0,37,0.6212,0.0669,2,0,0.6611,7,0
1162.57,1,6,0.1177,-0.288,2,0,0.135,41,0
2439.79,2,30,0.3978,0.0048,0,2,0.1516,7,0
214.05,0,26,0.6641,0.0493,2,1,0.1539,8,1
205.84,0,41,0.3674,0.0114,2,0,0.5294,2,1
415.28,0,30,0.4114,-0.1594,1,0,0.6809,2,1
170.88,0,28,0.2055,0.1913,1,0,0.5769,8,0
1291.79,1,50,0.6289,0.085,0,0,0.2968,4,1
273.71,0,32,0.3785,-0.3252,6,1,0.5672,34,1
860.64,1,49,0.1951,-0.0637,5,2,0.0965,35,0
489.5,1,54,0.4866,0.1884,3,0,0.4311,3,0
845.45,1,51,0.7207,-0.0543,0,0,0.1904,5,0
359.47,0,58,0.4699,-0.0768,2,1,0.4104,6,1
181.66,0,42,0.4493,0.105,2,0,0.5271,3,1
1059.7,1,34,0.5747,0.0663,2,0,0.4955,5,1
918.16,1,32,0.3844,-0.081,1,1,0.571,2,0
231.5,0,13,0.5442,0.1289,4,0,0.4365,6,1
3236.86,2,50,0.7261,-0.4077,5,0,0.3357,29,1
134.17,0,42,0.6505,-0.0803,8,3,0.4638,55,1
2709.62,2,53,0.4096,0.069,0,1,0.7125,0,0
511.16,0,43,0.5072,-0.1487,4,0,0.2424,12,0
480.04,0,29,0.4045,0.0112,0,0,0.9079,0,0
1020.1,1,18,0.5199,-0.3326,3,0,0.5407,53,0
260.94,0,60,0.1852,0.0826,1,0,0.8356,6,0
232.14,0,45,0.3034,0.1114,2,0,0.1878,1,1
260.83,0,53,0.3908,-0.4331,6,0,0.1386,49,1
350.8,0,36,0.7991,-0.1489,6,0,0.3498,39,0
670.94,1,31,0.356,-0.4162,10,0,0.4594,38,0
378.03,0,3,0.795,0.1391,3,0,0.2931,1,0
1877.75,1,5,0.6185,0.083,1,0,0.5722,3,0
870.93,1,43,0.2617,-0.0127,0,3,0.6953,7,0
181.15,0,14,0.4906,0.0256,0,1,0.5095,2,1
181.13,0,5,0.6179,0.1866,1,0,0.4258,8,0
3149.57,2,47,0.5612,-0.0656,8,1,0.5208,20,1
871.58,1,38,0.3981,-0.1636,4,0,0.5132,42,0
1209.68,1,7,0.3828,0.134,1,0,0.4915,5,0
738.37,1,30,0.4612,-0.2598,6,0,0.5815,12,1
387.84,0,29,0.1018,0.0529,3,0,0.6577,1,0
274.37,0,1,0.2365,-0.0945,3,3,0.5098,14,0
688.73,1,37,0.7764,0.0854,5,0,0.6681,6,1
252.03,0,24,0.4174,-0.0887,6,0,0.5867,56,0
585.37,1,53,0.6364,-0.2085,6,0,0.5051,37,1
1785.58,1,7,0.5816,-0.2504,6,0,0.1248,51,0
860.48,1,51,0.1283,0.136,0,0,0.4391,0,0
363.38,0,1,0.4141,-0.1776,3,0,0.2312,16,0
240.32,0,46,0.6909,0.038,2,0,0.8298,7,0
200.68,0,47,0.1123,0.1231,1,0,0.8149,1,0
267.21,0,25,0.2459,-0.1511,4,0,0.1471,10,1
1308.5,1,17,0.6754,-0.1903,1,0,0.2502,0,1
241.68,0,9,0.3482,-0.0954,2,0,0.6199,29,0
213.83,0,21,0.6224,0.0086,0,0,0.3393,3,1
306.22,0,41,0.2591,0.0675,2,0,0.6077,0,0
345.34,0,44,0.2058,0.0714,1,0,0.3068,6,0
1581.64,1,11,0.806,0.0194,2,2,0.8349,7,0
328.22,0,1,0.799,-0.3382,6,0,0.5347,41,0
3006.77,2,34,0.3941,0.0637,0,0,0.38,0,0
373.02,0,35,0.4381,0.0071,0,0,0.7811,5,0
594.47,1,59,0.5055,0.0738,0,0,0.1908,6,0
207.0,0,46,0.4937,-0.0447,1,0,0.694,1,1
198.45,0,34,0.8061,0.0837,1,0,0.3915,5,0
1505.64,2,36,0.2966,-0.0647,1,0,0.6141,2,0
3170.47,2,39,0.7149,-0.1549,12,0,0.5324,58,1
2656.44,2,28,0.4871,0.0663,1,0,0.5328,5,1
298.18,0,41,0.361,-0.0099,1,0,0.5022,4,0
117.03,0,12,0.7208,-0.3431,9,0,0.4551,12,1
1827.38,1,50,0.4846,0.1743,3,1,0.4307,5,1
212.06,0,52,0.3833,-0.4355,4,0,0.2904,39,0
1825.04,1,27,0.6924,-0.1171,5,0,0.6036,28,0
535.92,1,28,0.5224,0.1286,3,0,0.6505,6,0
669.73,1,30,0.6751,-0.4005,4,0,0.3675,14,0
411.67,1,50,0.6311,0.1001,0,0,0.4675,4,0
1010.26,1,11,0.6932,-0.2505,7,0,0.4318,30,1
197.24,0,21,0.4863,0.1456,0,0,0.2468,8,0
199.2,0,37,0.9715,-0.2539,1,2,0.4901,2,1
550.51,1,42,0.3392,0.1645,4,2,0.7565,3,0
380.68,0,18,0.5321,-0.3613,4,3,0.2689,57,1
372.0,0,8,0.6962,-0.2505,5,0,0.6765,59,0
546.81,0,31,0.6806,-0.0614,1,0,0.2463,4,1
700.1,1,39,0.4513,0.1697,2,0,0.8069,7,0
960.84,1,46,0.5524,-0.0029,0,0,0.4225,0,1
566.77,1,1,0.9118,-0.0342,0,0,0.2511,5,1
257.91,0,2,0.4009,0.132,1,0,0.5481,5,0
241.84,0,24,0.7332,-0.3564,5,0,0.5404,21,0
1047.1,1,34,0.6097,-0.2072,6,0,0.5014,38,1
413.99,0,1,0.7833,-0.0791,1,3,0.4662,0,0
1259.03,1,11,0.5793,-0.0926,0,0,0.5651,1,0
662.64,1,26,0.7368,-0.4491,3,0,0.3619,52,1
411.31,0,17,0.6117,0.0619,1,0,0.7189,4,0
285.56,0,43,0.9421,-0.1173,5,0,0.2196,51,1
258.86,0,3,0.2907,0.0692,1,0,0.704,4,1
1872.9,2,54,0.868,-0.1749,3,0,0.7108,4,0
731.61,1,11,0.7768,-0.0125,2,0,0.3648,1,0
533.62,0,27,0.2428,-0.0098,1,0,0.8166,1,0
2672.63,2,60,0.7539,0.1181,3,0,0.6943,4,0
308.28,0,40,0.2702,-0.0988,6,0,0.05,40,0
264.57,0,60,0.5035,0.1254,2,0,0.4946,5,0
5649.47,2,2,0.5319,0.1994,4,1,0.787,6,0
457.89,0,44,0.3074,-0.1519,1,0,0.8502,6,0
225.32,0,5,0.5437,-0.1348,8,0,0.307,53,0
808.72,1,37,0.2519,-0.137,4,1,0.05,18,1
269.05,0,20,0.4832,0.1073,2,0,0.4987,6,0
936.62,1,47,0.8421,-0.1965,2,0,0.1731,6,1
226.89,0,8,0.3759,0.0538,2,1,0.5277,3,1
338.14,0,54,0.4945,-0.0019,0,0,0.578,5,0
482.08,0,29,0.7634,-0.3993,5,4,0.1868,44,1
183.11,0,32,0.806,-0.298,9,0,0.3547,13,1
195.4,0,35,0.1403,-0.1141,6,0,0.36,46,0
244.88,0,3,0.249,-0.3574,6,0,0.05,44,1
2059.76,2,19,0.1592,0.008,3,0,0.5065,2,0
583.67,0,43,0.3109,-0.2543,7,0,0.3489,16,1
411.78,0,58,0.5375,-0.1525,4,0,0.1446,32,1
403.59,0,60,0.5705,0.1093,0,0,0.4772,6,0
264.37,0,33,0.1823,-0.0577,1,0,0.7614,1,1
262.35,0,16,0.4517,-0.1089,3,1,0.6355,25,1
535.46,1,29,0.4119,-0.2995,2,0,0.2191,41,1
381.26,0,28,0.7958,-0.1448,1,1,0.6038,6,1
2850.05,2,24,0.2765,-0.0754,3,0,0.4505,8,0
3764.32,2,22,0.4036,0.1091,2,0,0.7777,6,0
269.37,0,53,0.6506,-0.0987,3,0,0.05,13,0
275.96,0,24,0.3685,0.2812,0,1,0.8139,6,0
307.78,0,2,0.1693,0.1163,3,0,0.5278,5,0
1216.08,1,44,0.2436,0.0652,0,1,0.253,0,0
173.35,0,40,0.3319,0.171,0,1,0.8237,3,0
3105.23,2,23,0.7199,0.0973,2,0,0.3166,3,0
883.64,1,38,0.4087,-0.4087,5,0,0.473,40,0
614.43,1,57,0.0784,-0.1214,0,0,0.7083,1,0
429.07,1,56,0.562,0.0865,1,0,0.8843,7,0
2288.06,2,48,0.4887,-0.4019,5,0,0.05,17,0
481.34,0,36,0.9413,-0.4334,7,0,0.05,52,1
521.14,0,2,0.576,-0.2311,4,0,0.5507,27,1
328.41,0,31,0.7412,-0.0869,2,0,0.623,4,0
4769.16,2,50,0.5278,0.1959,0,0,0.3732,5,0
876.72,1,51,0.3643,0.028,3,0,0.61,3,0
1242.5,1,47,0.4262,0.166,1,1,0.7343,6,0
247.63,0,60,0.3965,0.0219,1,0,0.05,0,0
2004.43,2,31,0.2058,-0.0297,1,0,0.9109,8,1
228.78,0,7,0.6075,-0.3114,4,0,0.6297,9,1
140.99,0,30,0.193,-0.0521,6,0,0.1708,19,0
3765.77,2,20,0.86,-0.0049,2,0,0.4291,0,0
231.67,0,51,0.239,0.0661,0,0,0.567,0,0
219.07,0,47,0.58,-0.009,1,1,0.6046,3,0
588.89,1,26,0.5285,0.0978,1,0,0.7161,6,0
269.98,0,24,0.5211,0.0646,1,0,0.3319,8,0
537.59,0,10,0.1903,-0.3756,6,0,0.5032,29,1
603.47,0,3,0.435,-0.3809,2,1,0.3422,52,1
162.16,0,19,0.2022,-0.1462,0,0,0.825,7,0
2119.99,2,15,0.573,-0.0632,0,0,0.5185,7,0
619.68,1,16,0.4506,-0.0544,0,1,0.5108,0,0
409.85,0,60,0.4881,-0.1458,3,0,0.6433,48,1
320.6,0,41,0.3274,-0.0615,1,0,0.3686,4,1
232.08,0,34,0.4117,-0.1265,0,0,0.9351,4,0
912.9,1,11,0.9356,-0.1599,1,0,0.6253,33,0
2030.68,2,51,0.6155,0.0588,1,0,0.6193,8,0
4222.62,2,39,0.1869,-0.2728,7,0,0.6806,38,0
351.19,0,31,0.5224,-0.0307,1,0,0.7678,5,0
366.62,0,28,0.6572,-0.02,0,1,0.7515,3,0
114.03,0,34,0.8532,-0.0836,2,0,0.05,12,1
869.44,1,51,0.4676,0.0365,2,0,0.8906,5,0
601.25,0,44,0.1939,0.1386,1,0,0.3305,4,0
1415.68,1,30,0.6596,-0.0509,5,0,0.05,14,0
466.26,1,41,0.502,-0.0631,3,0,0.4635,0,1
259.87,0,56,0.439,0.1286,2,0,0.7073,8,0
190.44,0,20,0.1227,-0.0111,3,0,0.7017,5,0
527.83,0,55,0.6698,-0.0945,5,0,0.1351,35,0
315.89,0,37,0.3944,0.1093,1,0,0.9613,2,0
221.66,0,12,0.7576,-0.1581,4,0,0.2467,44,1
900.7,1,59,0.4539,-0.0502,6,1,0.5081,43,0
116.43,0,42,0.483,-0.0804,1,0,0.7929,8,0
198.37,0,24,0.2574,0.1735,1,0,0.5344,5,0
901.42,1,13,0.3167,-0.2612,7,0,0.4911,35,1
1196.56,1,55,0.6619,0.042,0,0,0.7274,3,0
147.0,0,50,0.4561,-0.0204,1,1,0.3592,7,1
778.85,1,3,0.5837,0.133,1,0,0.6356,7,0
3417.33,2,39,0.122,-0.0908,1,0,0.734,6,0
535.51,1,7,0.455,-0.1004,0,0,0.7058,2,0
964.33,1,18,0.3788,0.2095,2,0,0.4129,7,1
296.77,0,35,0.2566,-0.3665,4,4,0.3646,30,1
4373.23,2,15,0.3623,-0.4109,6,0,0.4058,54,1
267.56,0,31,0.2992,0.1578,4,0,0.6166,2,1
2260.1,2,26,0.4465,-0.4158,2,0,0.5889,41,1
1200.46,1,35,0.4211,-0.315,2,0,0.2392,23,1
182.3,0,49,0.4501,-0.2743,6,0,0.6645,14,0
268.43,0,10,0.5451,-0.2513,8,0,0.05,14,1
758.78,1,48,0.3205,0.0542,1,0,0.5989,5,0
847.76,1,14,0.5759,-0.0796,3,0,0.562,15,0
390.26,0,3,0.4039,-0.0719,8,1,0.3495,39,1
1080.5,1,27,0.3237,-0.1185,2,0,0.4991,3,1
1846.75,2,19,0.4961,-0.0774,1,0,0.2886,0,1
304.21,0,12,0.5485,-0.0059,1,0,0.5812,7,0
488.6,0,26,0.6996,0.0262,0,2,0.8956,7,0
216.78,0,53,0.4621,-0.1002,1,0,0.5228,4,0
936.39,1,36,0.3865,0.045,3,0,0.765,0,0
271.04,0,44,0.1905,-0.4439,7,0,0.3399,30,1
2347.66,2,9,0.4264,-0.2678,7,1,0.1826,35,1
163.88,0,5,0.8176,-0.1958,2,0,0.6452,4,0
1458.24,1,21,0.5313,0.0304,1,0,0.605,4,0
221.15,0,47,0.5508,0.2015,1,0,0.4442,7,0
415.3,0,54,0.612,0.0658,3,3,0.49,6,1
716.04,1,7,0.4629,-0.132,5,0,0.6839,22,1
232.98,0,29,0.467,-0.3812,7,0,0.5972,34,1
1360.78,1,24,0.1453,0.0777,3,0,0.775,4,0
3398.48,2,45,0.3364,-0.2608,4,0,0.6547,26,0
2581.84,2,13,0.6246,0.0907,2,0,0.4121,1,1
3132.63,2,30,0.7766,-0.0896,0,0,0.676,5,1
262.14,0,51,0.4108,0.0321,1,0,0.3299,0,0
887.4,1,28,0.3358,-0.0261,2,0,0.4169,3,1
1903.89,2,47,0.4333,-0.1791,8,0,0.1008,13,1
397.94,0,38,0.6484,-0.1746,0,0,0.9058,7,0
227.51,0,36,0.5941,-0.0193,0,0,0.3822,6,0
1496.71,1,16,0.4965,0.0742,1,2,0.2651,8,1
259.65,0,60,0.4257,0.0904,1,0,0.7625,0,0
896.41,1,15,0.1647,-0.2129,3,1,0.05,48,1
3129.97,2,56,0.4519,-0.2656,3,0,0.05,37,1
897.46,1,60,0.5146,0.0841,3,1,0.5106,7,0
261.29,0,31,0.3935,0.1784,2,1,0.5665,0,0
286.97,0,53,0.4179,-0.0639,2,0,0.7483,1,0
396.52,0,43,0.8558,-0.1996,5,0,0.1668,48,1
229.95,0,45,0.286,-0.2641,4,0,0.498,37,1
851.53,1,5,0.6356,0.1033,0,1,0.6831,1,0
893.21,1,9,0.5024,0.1297,1,0,0.5789,5,0
392.48,0,5,0.7677,-0.2941,8,0,0.69,32,1
280.04,0,2,0.5935,-0.1332,3,2,0.4601,1,1
4519.37,2,51,0.1847,-0.0279,2,0,0.7874,0,0
274.54,0,11,0.7867,-0.1515,8,0,0.05,23,1
818.96,1,1,0.5678,-0.0601,1,0,0.4203,35,1
273.15,0,57,0.8211,-0.0526,9,2,0.4517,48,0
561.38,1,17,0.3282,-0.241,4,0,0.135,35,0
201.75,0,49,0.3316,-0.0236,2,0,0.3599,3,1
739.14,1,58,0.9306,-0.0042,2,3,0.8768,3,0
431.57,0,32,0.6287,-0.2984,3,0,0.4144,11,0
879.74,1,56,0.965,-0.1266,4,0,0.3448,39,1
244.75,0,59,0.4027,0.0133,0,0,0.8101,5,0
445.49,0,9,0.8162,0.0151,0,0,0.3122,6,0
1531.7,1,9,0.6061,0.0768,1,2,0.6896,1,0
450.01,0,23,0.4442,-0.0085,0,0,0.5238,2,0
215.14,0,34,0.3859,-0.3772,4,0,0.1482,51,1
243.85,0,48,0.2761,-0.2572,2,0,0.05,34,0
547.13,0,11,0.7296,-0.0302,1,0,0.4661,7,0
315.54,0,12,0.7797,0.0398,0,2,0.3049,7,0
2185.4,2,19,0.5919,-0.3992,6,0,0.6056,24,1
372.9,0,17,0.5908,-0.0441,0,2,0.4625,0,1
1266.2,1,57,0.6897,-0.0548,1,0,0.8546,1,0
1964.94,2,24,0.3343,-0.3251,0,0,0.0875,59,1
313.15,0,53,0.8797,0.0891,0,0,0.5078,5,0
1230.92,1,4,0.882,0.1274,1,0,0.4207,1,0
1598.98,2,7,0.7645,0.0515,2,0,0.8442,2,0
893.85,1,49,0.163,-0.3526,10,0,0.5338,30,1
196.34,0,15,0.4932,-0.2426,4,0,0.05,39,1
205.54,0,5,0.4918,0.0337,0,0,0.7649,5,1
238.13,0,36,0.1079,-0.3439,11,0,0.6752,57,1
1051.75,1,9,0.1401,0.1444,1,0,0.5434,3,0
2144.19,2,4,0.2858,0.1271,1,0,0.2824,1,1
1912.71,2,25,0.4672,0.0987,2,4,0.5233,0,0
295.28,0,34,0.3991,0.2411,0,0,0.6921,3,0
595.73,1,32,0.779,-0.1352,1,0,0.6083,3,0
336.96,0,36,0.0602,0.0431,0,0,0.9226,7,0
3566.03,2,2,0.7903,-0.0737,2,0,0.3304,3,1
282.07,0,18,0.2124,0.1752,0,1,0.7467,0,1
2235.67,2,21,0.2822,-0.2659,6,0,0.5039,56,0
1014.27,1,18,0.6999,-0.4102,5,0,0.2887,16,0
142.58,0,34,0.3258,-0.0249,0,0,0.5629,3,0
349.94,0,14,0.4155,0.062,1,0,0.5672,8,0
2635.64,1,38,0.3834,-0.269,5,0,0.05,43,0
277.81,0,57,0.3934,0.0186,0,0,0.4727,2,0
853.66,1,40,0.5324,0.0534,0,0,0.3811,8,0
3113.45,2,24,0.7167,0.112,0,0,0.2468,1,0
1583.02,1,27,0.286,-0.3622,5,2,0.4747,31,0
407.94,0,36,0.7681,-0.3626,2,0,0.154,46,0
136.38,0,44,0.6349,0.1238,0,0,0.8204,6,0
353.21,0,19,0.1666,-0.0217,2,0,0.5639,3,0
5904.08,2,3,0.3906,-0.4026,2,0,0.1402,54,1
360.59,0,43,0.8154,0.0945,1,3,0.2592,1,0
193.6,0,40,0.4862,-0.0231,0,0,0.6369,1,0
320.06,0,7,0.5701,0.0814,1,0,0.7221,2,0
1533.0,2,38,0.5406,0.1238,0,0,0.818,1,0
446.47,0,5,0.85,0.079,1,0,0.5495,4,1
1717.57,2,39,0.3896,0.0402,2,0,0.1253,8,0
913.43,1,45,0.4928,-0.3251,0,0,0.8287,3,0
659.18,1,1,0.7446,-0.0767,3,0,0.2189,7,0
1982.21,2,44,0.8539,0.0879,1,0,0.3097,4,0
1497.23,1,8,0.3592,-0.3815,9,0,0.2044,41,1
2488.5,2,16,0.3306,0.0714,3,0,0.5378,3,0
238.45,0,43,0.539,-0.3051,2,0,0.5558,43,1
596.09,1,22,0.2213,0.0087,0,0,0.3359,4,0
462.26,1,59,0.1137,-0.226,5,0,0.4494,56,1
574.37,1,58,0.4067,-0.2306,6,0,0.05,41,1
2495.91,2,60,0.7375,0.0885,1,0,0.4045,1,0
3382.28,2,7,0.1619,0.1457,1,0,0.9079,7,0
731.5,1,11,0.4202,-0.1882,0,0,0.4337,1,1
502.49,0,11,0.3273,0.0281,1,0,0.7811,5,1
225.6,0,36,0.8119,-0.2685,4,0,0.4118,55,0
266.82,0,26,0.446,-0.1448,3,1,0.4284,50,1
198.75,0,45,0.3407,0.0043,0,0,0.9098,7,0
410.2,0,17,0.5369,0.256,1,0,0.42,7,0
604.26,0,12,0.643,-0.0339,1,0,0.579,1,0
156.53,0,39,0.294,-0.3143,2,0,0.1668,45,0
788.45,1,38,0.1099,-0.1259,3,0,0.4187,40,1
451.49,0,42,0.3716,0.0005,0,1,0.9777,7,0
1446.34,2,19,0.832,-0.3353,7,0,0.05,40,1
1085.24,1,32,0.8488,-0.1433,8,0,0.2068,26,1
444.7,0,56,0.3816,-0.0544,2,0,0.3931,7,1
298.05,0,37,0.5265,-0.063,1,0,0.8317,2,1
351.59,0,56,0.569,-0.021,1,0,0.8087,8,0
4445.02,2,27,0.2955,-0.1113,2,0,0.2727,54,1
573.54,0,3,0.3356,-0.1267,6,0,0.4937,52,0
870.91,1,46,0.4975,-0.2498,4,0,0.4837,17,0
1991.99,2,28,0.6392,0.0362,2,0,0.6964,6,0
1739.29,2,3,0.4965,-0.2651,8,0,0.087,9,0
408.22,0,9,0.8111,0.0004,2,0,0.8833,2,0
179.43,0,19,0.5465,-0.0658,4,0,0.6757,52,0
265.46,0,12,0.2907,0.0626,0,0,0.5367,6,0
300.61,0,42,0.2519,-0.1907,4,1,0.3095,21,0
243.19,0,37,0.6865,-0.0286,0,0,0.3021,6,1
981.58,1,20,0.6668,-0.0783,2,0,0.407,0,1
5888.78,2,6,0.2332,-0.2979,7,3,0.621,48,0
852.92,1,5,0.6679,0.0018,1,0,0.8006,6,0
764.2,1,57,0.6188,-0.3154,6,0,0.3901,33,1
413.74,0,21,0.5561,0.0894,2,0,0.7898,7,0
967.85,1,7,0.8503,0.0197,1,0,0.3917,2,1
1472.9,1,43,0.8078,0.2101,3,0,0.7774,0,0
2542.4,2,53,0.3458,0.0165,1,1,0.7653,5,0
2200.14,2,8,0.6334,-0.2692,12,0,0.3083,56,1
155.33,0,57,0.8809,0.1421,0,0,0.8461,0,0
164.51,0,44,0.6646,0.1351,2,0,0.7078,2,0
152.53,0,16,0.6739,-0.4451,6,1,0.5197,53,1
331.18,0,47,0.7589,-0.2551,9,2,0.3777,51,1
1489.86,2,26,0.1143,-0.2633,6,0,0.2247,19,1
450.04,0,39,0.57,-0.1668,3,0,0.1319,9,1
899.47,1,8,0.5584,-0.0589,0,0,0.6948,6,1
817.1,1,15,0.5897,-0.4375,11,0,0.05,20,1
215.84,0,47,0.4587,-0.1518,6,0,0.5662,9,1
360.56,0,49,0.5483,-0.1718,5,0,0.5109,14,1
671.59,1,1,0.5021,-0.409,9,3,0.6836,59,1
630.39,1,13,0.7588,-0.1021,1,0,0.3904,8,0
439.57,0,37,0.0936,-0.439,1,0,0.4617,29,0
328.32,0,55,0.1893,-0.1898,6,0,0.1476,39,0
819.75,1,41,0.4061,-0.0519,4,1,0.3141,21,0
362.99,0,43,0.2844,-0.1025,1,2,0.444,0,0
2407.51,2,24,0.4775,0.096,1,0,0.6336,3,0
331.6,0,4,0.6082,0.1277,0,2,0.5889,4,0
217.89,0,46,0.672,-0.069,9,0,0.2679,24,1
598.56,0,48,0.8518,-0.3493,6,0,0.0675,57,1
726.58,1,27,0.3843,0.2229,0,0,0.239,7,0
1534.3,1,31,0.4821,-0.3701,3,2,0.6976,9,0
271.45,0,15,0.6368,-0.0041,1,0,0.744,1,0
3183.41,2,28,0.3702,-0.0681,5,0,0.4173,25,1
374.97,0,15,0.6629,-0.1972,0,0,0.074,49,0
433.23,0,26,0.7034,0.2547,0,0,0.6652,0,1
216.08,0,9,0.7201,0.1538,2,0,0.6536,5,0
422.57,0,37,0.423,-0.1952,4,0,0.6459,27,1
1698.46,1,15,0.5161,0.1762,0,1,0.5956,6,0
264.9,0,44,0.6188,0.1369,0,0,0.7644,5,1
900.88,1,32,0.3119,-0.1699,2,1,0.3109,6,0
241.45,0,54,0.3339,0.1262,0,4,0.7043,4,0
2125.94,2,14,0.757,0.0319,0,0,0.5482,1,0
527.89,0,17,0.6138,-0.3381,6,1,0.6952,24,0
1688.75,2,15,0.4664,-0.3243,11,0,0.578,39,1
208.54,0,38,0.8678,0.0614,1,0,0.8028,4,0
509.64,0,7,0.7561,-0.2729,2,0,0.5538,19,0
1107.45,1,42,0.4066,0.008,0,0,0.5588,3,0
1869.36,1,50,0.1753,-0.0131,1,0,0.3897,0,0
760.19,1,41,0.7024,-0.2765,6,0,0.4694,39,0
303.11,0,9,0.2158,-0.0101,1,0,0.6799,1,0
706.26,1,30,0.7903,-0.114,7,0,0.2359,30,0
2523.44,2,33,0.4526,-0.0764,2,0,0.05,45,0
478.32,1,24,0.7977,-0.0746,0,1,0.7377,4,0
368.56,0,28,0.4989,-0.1094,1,0,0.1866,5,0
996.69,1,46,0.3506,0.138,1,0,0.966,3,0
872.25,1,51,0.1918,0.1004,2,0,0.7008,4,0
2093.51,2,19,0.2998,-0.1774,2,0,0.05,59,1
212.03,0,20,0.2771,-0.1069,0,1,0.6147,6,0
374.12,0,13,0.5466,0.0097,1,0,0.7313,5,0
590.72,1,25,0.6891,-0.1123,1,0,0.4737,7,0
1064.63,1,33,0.3083,-0.0042,1,0,0.8342,4,0
1839.56,1,43,0.4905,-0.426,6,3,0.4051,26,0
487.76,0,17,0.343,0.0504,1,0,0.5668,3,0
171.24,0,13,0.463,-0.4356,2,0,0.3808,49,1
737.57,1,2,0.5183,-0.0581,1,0,0.4577,7,0
336.09,0,6,0.3122,-0.1572,3,3,0.05,50,1
282.95,0,4,0.2263,-0.3701,6,1,0.2571,42,1
545.35,1,13,0.3623,-0.1404,8,2,0.1574,59,0
1018.5,1,42,0.1688,0.0526,1,0,0.5937,2,1
2391.6,2,47,0.3083,-0.1992,6,0,0.2771,53,0
566.74,0,59,0.5651,0.1604,1,0,0.7079,3,0
265.4,0,33,0.2862,0.1017,1,0,0.379,8,0
3612.03,2,28,0.6852,-0.3956,5,0,0.1397,10,0
186.12,0,54,0.7203,-0.0653,4,0,0.7898,4,0
202.37,0,9,0.5124,0.0464,3,0,0.9112,0,0
373.33,0,38,0.3471,0.0575,0,0,0.7238,7,0
1300.53,1,50,0.8022,-0.2171,2,0,0.396,3,0
1716.66,2,31,0.9098,0.0347,1,0,0.4598,0,0
897.53,1,16,0.2719,0.0813,2,0,0.4881,0,0
548.76,1,38,0.4375,-0.1214,0,0,0.6743,3,0
272.18,0,60,0.3785,-0.2961,8,0,0.2362,43,1
388.7,0,15,0.3653,0.03,2,0,0.5223,3,0
249.05,0,34,0.8713,-0.2222,2,0,0.1181,54,0
265.79,0,4,0.6901,-0.0213,0,3,0.0818,3,1
195.28,0,14,0.4856,0.0378,1,0,0.4466,1,0
231.12,0,47,0.2988,0.0541,4,1,0.4747,4,1
536.58,0,30,0.8045,-0.2608,3,0,0.7036,4,0
913.01,1,12,0.5284,-0.0155,5,0,0.4443,2,0
626.67,1,21,0.298,-0.4153,5,1,0.2562,12,0
259.75,0,8,0.6823,-0.2157,2,0,0.4531,6,0
165.8,0,47,0.9488,0.0874,1,0,0.63,8,0
624.07,1,57,0.036,0.0286,2,0,0.3322,7,1
1432.73,1,7,0.2815,-0.2497,4,3,0.05,34,1
846.71,1,15,0.7473,0.0921,0,0,0.4914,0,0
562.08,0,52,0.543,-0.4262,5,0,0.4086,23,1
860.79,1,53,0.3507,0.0243,0,0,0.5011,6,0
286.37,0,47,0.7604,-0.3643,4,0,0.0898,47,1
362.92,0,43,0.4622,0.0255,1,0,0.2182,6,0
113.8,0,52,0.4401,-0.1644,0,1,0.8381,6,0
311.57,0,23,0.835,-0.2842,4,0,0.6444,49,0
285.07,0,54,0.3606,0.0264,1,0,0.4816,1,0
487.84,0,54,0.6033,-0.1883,5,0,0.05,40,1
1247.45,1,14,0.1981,-0.2926,1,4,0.347,45,1
195.02,0,5,0.2727,-0.0778,1,0,0.4004,8,0
447.93,0,32,0.4865,-0.0775,2,0,0.2132,4,0
264.56,0,46,0.7354,0.1643,0,0,0.6917,7,1
211.31,0,51,0.8842,-0.0816,9,0,0.6461,11,1
310.71,0,9,0.5194,-0.4405,3,2,0.4194,14,1
270.13,0,23,0.3643,0.1736,1,0,0.6456,5,0
496.88,0,47,0.6262,-0.0544,0,0,0.5044,3,0
1002.69,1,4,0.1441,-0.062,0,0,0.3794,6,1
2579.12,2,44,0.9036,0.0072,2,2,0.7398,4,0
397.47,0,18,0.4933,0.0814,2,2,0.4096,1,0
1304.7,1,2,0.1217,-0.1803,4,0,0.6367,37,0
3157.34,2,15,0.3522,0.0655,1,0,0.1729,3,0
3944.34,2,45,0.3646,0.0604,1,0,0.4218,7,0
1101.32,1,53,0.6344,-0.2092,10,0,0.4765,35,1
2545.04,2,5,0.7335,-0.3533,4,0,0.438,50,0
3703.13,2,28,0.7725,0.0644,2,0,0.1882,4,0
862.13,1,13,0.5377,0.2273,1,0,0.1791,4,0
293.39,0,42,0.328,-0.1486,1,2,0.5934,58,1
529.76,0,47,0.2669,0.053,3,0,0.336,6,0
511.61,0,58,0.5644,-0.0405,1,0,0.393,7,0
289.17,0,22,0.509,0.0436,2,0,0.3779,6,1
247.43,0,18,0.7179,-0.0425,2,0,0.6074,1,0
483.95,0,19,0.3027,-0.0059,1,0,0.8363,0,0
1177.76,1,46,0.8985,0.2649,0,0,0.6418,3,0
993.94,1,27,0.6309,0.0307,1,0,0.6794,8,0
795.18,1,2,0.3674,-0.3,7,0,0.0873,50,1
325.7,0,57,0.8129,0.0843,1,1,0.4023,1,0
287.8,0,7,0.7248,0.1329,2,0,0.6023,1,0
705.36,1,56,0.7296,0.0876,1,2,0.3879,3,0
931.12,1,10,0.243,0.0023,2,1,0.4167,1,0
2633.64,2,33,0.4955,-0.1044,10,0,0.1114,19,1
2104.51,2,19,0.9907,-0.2841,4,1,0.0542,33,1
3293.03,2,42,0.3914,0.001,1,0,0.6814,3,0
455.31,0,25,0.2289,-0.1299,1,0,0.0611,57,1
407.22,0,23,0.6839,-0.3312,3,2,0.3709,9,1
263.27,0,29,0.4718,0.1415,1,0,0.6221,8,0
1159.52,1,59,0.3239,-0.243,1,0,0.2878,30,0
2466.39,2,15,0.3862,0.1467,2,0,0.05,7,0
188.17,0,14,0.2791,-0.2876,3,0,0.6805,51,0
1126.28,1,4,0.379,-0.4286,5,0,0.2505,37,0
305.22,0,45,0.2384,-0.3555,5,0,0.2847,32,1
718.83,0,41,0.6825,-0.4046,6,0,0.4113,13,0
482.96,0,37,0.5181,0.0272,1,0,0.2302,8,0
371.96,0,2,0.1763,0.0547,1,0,0.3251,0,0
2618.7,2,48,0.7971,0.1785,0,1,0.7079,6,0
307.1,0,49,0.4488,-0.0018,2,0,0.9031,5,0
626.36,1,57,0.2029,0.1007,2,1,0.1617,0,1
484.24,1,56,0.8062,0.0718,2,0,0.9316,7,0
213.68,0,16,0.6837,0.0295,1,0,0.4881,1,1
285.2,0,43,0.3161,0.0961,1,0,0.3233,3,1
425.93,1,25,0.2141,-0.3491,4,0,0.05,14,1
239.7,0,36,0.4418,-0.0769,2,0,0.1877,3,1
2200.76,2,20,0.7081,0.0633,1,0,0.4562,3,0
268.94,0,40,0.6121,-0.1438,0,2,0.1759,5,1
706.0,1,58,0.3092,0.0712,0,0,0.7711,6,0
789.73,1,40,0.2221,-0.0928,1,2,0.5208,7,0
530.19,0,56,0.5101,0.1718,0,0,0.4333,1,0
365.63,0,56,0.5271,-0.0196,1,1,0.6398,4,0
1972.62,2,8,0.5946,0.1653,2,0,0.2932,5,0
283.15,0,58,0.8586,-0.0011,1,0,0.7583,8,0
287.14,0,50,0.4202,-0.4325,4,0,0.4277,24,1
221.65,0,26,0.2641,0.1066,1,3,0.2203,5,0
221.56,0,37,0.2271,0.0493,1,0,0.2153,0,0
1267.63,1,38,0.877,-0.2087,6,0,0.2818,46,1
768.39,1,48,0.2484,-0.0829,3,0,0.05,50,1
197.7,0,49,0.7668,-0.0195,0,0,0.3434,7,1
876.66,1,7,0.6412,-0.439,3,0,0.5688,39,1
302.23,0,1,0.3652,-0.0647,6,0,0.3046,13,1
145.39,0,15,0.4454,-0.2605,6,0,0.3722,14,0
877.4,1,32,0.3968,-0.2633,4,0,0.3549,39,1
3251.97,2,51,0.5946,0.1302,0,0,0.5145,1,0
339.61,0,40,0.7352,-0.0723,0,0,0.6942,1,0
632.9,0,9,0.7985,-0.1552,0,0,0.7491,3,0
1378.99,1,44,0.3291,-0.2182,2,0,0.6015,28,0
1477.86,1,29,0.9182,-0.0847,2,0,0.4027,7,0
772.72,0,23,0.4236,-0.149,2,0,0.6047,23,0
378.13,0,47,0.7848,0.0296,0,0,0.8461,6,0
942.27,1,18,0.3445,-0.0873,1,0,0.4626,2,1
407.76,0,38,0.6318,0.1124,0,0,0.7649,2,0
238.45,0,11,0.8058,0.0221,0,0,0.681,2,0
301.14,0,23,0.6107,-0.0682,1,0,0.4809,3,0
231.18,0,34,0.8536,-0.0594,3,0,0.5036,5,0
333.34,0,38,0.1679,0.1497,3,0,0.7493,8,0
1910.38,2,56,0.3717,-0.0079,2,0,0.3064,3,0
699.8,1,18,0.4632,0.0814,1,0,0.2861,4,0
1028.58,1,54,0.8225,0.019,1,1,0.7708,0,1
2287.07,2,49,0.6214,-0.1555,1,0,0.1038,3,1
147.71,0,22,0.3681,0.0947,2,0,0.4279,7,1
174.24,0,9,0.3588,0.1274,1,0,0.6914,0,0
1606.29,2,16,0.9296,0.2042,1,0,0.2472,5,1
212.9,0,40,0.4824,-0.301,5,0,0.05,53,0
1028.92,1,48,0.4122,-0.2958,2,0,0.4497,3,0
960.88,1,37,0.1546,0.0839,1,2,0.05,4,0
421.04,0,44,0.5266,-0.0399,1,3,0.193,3,0
377.42,0,7,0.4324,-0.123,0,0,0.822,4,0
422.02,0,31,0.6327,0.0308,1,1,0.6064,0,0
358.82,0,53,0.5958,-0.0249,0,0,0.6227,4,0
312.08,0,24,0.3553,-0.1076,2,0,0.2588,4,0
426.09,0,54,0.9221,0.0117,0,0,0.7847,3,0
1227.85,1,8,0.5347,-0.1857,4,0,0.3387,21,0
2737.66,2,59,0.6289,0.0375,0,0,0.5158,7,0
1388.66,1,48,0.5646,-0.1126,5,0,0.3875,50,0
127.59,0,38,0.181,0.0643,0,0,0.5425,0,0
261.97,0,38,0.185,-0.1491,1,0,0.9042,0,0
260.57,0,57,0.717,0.0149,4,3,0.4957,5,1
434.12,0,23,0.4121,-0.4138,3,0,0.5664,25,0
4159.76,2,10,0.3449,-0.0178,2,0,0.4751,0,0
174.57,0,56,0.6177,-0.0629,3,0,0.9249,0,0
475.23,0,7,0.663,-0.0546,1,0,0.3862,7,0
590.65,1,40,0.6195,-0.4126,3,0,0.4834,10,0
194.5,0,16,0.757,0.1114,1,0,0.7983,0,0
267.17,0,56,0.3534,0.1727,3,0,0.5686,4,0
259.44,0,59,0.3764,-0.4112,7,0,0.4481,42,1
515.83,1,29,0.4633,-0.1361,0,0,0.5065,6,0
1117.31,1,32,0.4026,-0.0739,3,0,0.7776,2,1
367.85,0,28,0.1534,0.0857,1,0,0.7284,7,0
3470.79,2,26,0.083,0.1501,3,0,0.7572,6,0
2062.17,2,57,0.7778,-0.0767,1,0,0.5856,7,0
877.76,1,18,0.6096,0.0383,2,0,0.8257,4,0
286.93,0,58,0.4139,-0.0932,0,0,0.4243,4,0
523.57,0,40,0.7894,-0.4466,8,0,0.6063,59,1
890.02,2,58,0.3483,-0.0992,8,0,0.3736,10,0
207.46,0,37,0.6078,0.0383,1,0,0.4961,3,0
891.73,1,50,0.5718,-0.3985,6,0,0.0777,53,0
608.67,1,30,0.3842,-0.1462,5,0,0.4404,9,0
264.93,0,28,0.5701,0.3298,2,0,0.694,0,0
851.58,1,16,0.8385,-0.0529,4,0,0.4026,23,1
1906.52,2,13,0.193,-0.1038,2,4,0.5331,17,0
910.31,1,3,0.1722,0.1709,1,0,0.3525,0,0
361.31,0,24,0.2185,-0.333,6,0,0.5872,36,1
2209.52,2,60,0.5909,0.0562,2,0,0.3163,4,0
759.46,1,57,0.3527,-0.0655,5,0,0.536,28,1
839.83,1,42,0.8187,-0.0096,0,1,0.7993,3,0
887.69,1,22,0.6541,-0.1685,1,0,0.5542,1,0
484.01,1,32,0.7158,-0.1374,1,0,0.5082,3,0
340.84,0,46,0.4405,-0.4105,4,0,0.167,53,0
247.65,0,1,0.6083,-0.0346,3,0,0.632,4,0
450.98,0,56,0.5645,-0.3625,2,0,0.1283,40,1
1094.54,1,53,0.8147,-0.0836,4,0,0.624,0,0
1340.43,1,59,0.7089,-0.0943,4,0,0.2143,57,1
624.76,1,6,0.4842,-0.4053,7,0,0.312,28,1
254.65,0,57,0.8823,-0.1155,5,0,0.5816,11,1
576.15,1,37,0.1448,-0.1899,6,0,0.5251,22,1
1875.08,2,34,0.8663,-0.3305,4,0,0.2092,29,0
449.49,0,11,0.5413,-0.2867,4,0,0.1942,12,1
1497.94,1,30,0.1886,0.1152,1,1,0.4299,0,1
595.48,1,22,0.4153,-0.0998,2,0,0.7049,8,1
758.11,1,60,0.6966,0.1752,1,2,0.8353,7,0
282.37,0,21,0.3466,-0.1406,2,0,0.3318,48,1
1092.46,1,14,0.6077,-0.3057,2,0,0.1982,27,1
1296.33,2,57,0.2843,0.08,0,0,0.7792,3,0
507.84,1,12,0.3405,-0.2669,8,0,0.05,15,0
2848.63,2,55,0.6781,-0.0586,2,0,0.9914,0,0
1213.25,2,58,0.4951,-0.0742,3,0,0.6025,5,1
248.02,0,19,0.2811,0.1951,2,1,0.6326,0,0
941.95,1,42,0.3913,0.0303,3,0,0.9493,0,0
335.41,0,48,0.7857,-0.0915,1,1,0.5148,4,0
2283.86,2,33,0.6799,0.0717,0,2,0.2169,0,0
255.15,0,42,0.5997,0.0543,2,0,0.6117,6,1
389.74,0,8,0.7214,-0.1194,4,0,0.451,30,0
2651.94,2,31,0.6971,-0.0698,1,0,0.612,7,0
231.23,0,31,0.3487,-0.1863,1,0,0.1382,9,0
901.83,1,34,0.715,0.1146,0,0,0.3627,7,0
331.62,0,57,0.5778,0.0522,3,0,0.5829,2,1
4379.14,2,50,0.8518,-0.0588,4,1,0.1066,45,0
3160.35,2,37,0.8203,-0.0582,0,1,0.882,1,0
443.62,0,25,0.4664,0.068,4,0,0.4878,6,0
718.75,1,25,0.0996,-0.3771,10,0,0.468,52,1
241.39,0,2,0.5539,-0.3088,7,0,0.1846,59,0
819.62,1,34,0.3866,0.1326,1,0,0.439,4,0
846.38,1,16,0.6595,-0.4389,9,0,0.5226,42,1
625.41,1,54,0.2689,-0.2047,9,1,0.4669,46,0
451.67,0,47,0.735,0.1509,1,0,0.6494,2,0
395.07,0,55,0.8425,-0.281,5,0,0.2503,53,1
799.7,1,60,0.4484,-0.1061,5,0,0.235,48,1
1114.12,1,25,0.8522,-0.0896,1,0,0.4665,5,1
313.53,0,26,0.4875,-0.4131,6,0,0.3956,16,0
373.09,0,37,0.9126,0.2424,3,0,0.5309,6,0
181.16,0,26,0.5891,0.0098,0,0,0.5567,2,0
2280.71,2,17,0.7664,0.056,0,1,0.7027,6,0
284.17,0,43,0.6127,-0.2767,5,0,0.0888,12,0
360.74,0,28,0.6571,-0.0447,1,1,0.2009,5,0
1926.14,2,57,0.5412,0.1275,1,0,0.7096,8,0
120.89,0,14,0.6356,0.0576,2,0,0.916,5,0
609.49,1,27,0.9348,0.0954,1,0,0.2988,7,0
283.87,0,32,0.3466,-0.0525,1,0,0.6664,7,0
2454.27,2,55,0.2896,-0.3089,3,0,0.3468,12,0
1604.45,1,35,0.9249,0.0191,3,0,0.5827,0,0
2943.0,2,5,0.622,0.133,1,0,0.6408,6,0
298.39,0,21,0.5997,-0.034,3,1,0.3948,5,1
879.97,1,54,0.0548,0.2232,1,0,0.7649,0,0
1309.87,1,17,0.4117,0.0539,1,0,0.471,1,0
235.88,0,21,0.7202,0.0075,1,1,0.1818,1,1
276.11,0,10,0.2374,-0.0042,2,0,0.582,1,1
198.07,0,44,0.8937,-0.3251,6,0,0.4879,39,1
3943.57,2,9,0.3917,-0.0429,3,0,0.69,6,0
1021.06,1,23,0.4709,0.0867,0,0,0.3019,3,0
694.78,1,43,0.0883,-0.1149,7,0,0.4435,30,1
855.05,1,54,0.3386,0.2144,2,0,0.8023,2,0
1063.8,1,14,0.3973,-0.0233,2,0,0.7701,2,0
265.64,0,20,0.1729,0.0079,2,0,0.1188,5,0
240.52,0,8,0.5211,-0.2859,1,0,0.3532,49,0
707.85,1,27,0.3637,0.2069,1,0,0.5297,1,0
326.53,0,60,0.4461,-0.1246,1,4,0.3557,6,0
2117.32,2,19,0.6726,-0.4368,7,3,0.2193,31,1
759.31,1,16,0.7005,-0.4033,6,2,0.1904,38,1
181.68,0,24,0.7112,-0.0928,0,0,0.8102,0,0
914.52,1,54,0.6225,0.2843,4,0,0.5087,5,0
272.18,0,33,0.7291,-0.0731,0,0,0.7421,0,1
2144.47,2,37,0.1952,0.0234,1,0,0.6565,6,0
2572.91,2,47,0.7603,0.1884,0,0,0.2462,0,0
3118.24,2,43,0.3467,-0.0175,2,0,0.5365,2,0
370.71,0,36,0.7732,0.0344,0,0,0.8944,6,0
351.9,0,34,0.3051,-0.2633,6,0,0.05,59,1
266.57,0,32,0.9341,0.0147,2,2,0.4537,2,1
237.8,0,11,0.4525,-0.1168,4,0,0.4891,31,0
201.24,0,25,0.743,-0.0222,0,2,0.6816,1,1
235.63,0,51,0.4501,-0.2454,3,0,0.6303,0,1
2416.56,2,3,0.2838,0.0167,2,0,0.6737,1,1
220.23,0,50,0.4939,0.0263,2,0,0.0662,5,0
299.92,0,34,0.2915,-0.3402,7,0,0.05,9,1
634.8,1,21,0.2981,-0.1179,7,0,0.148,54,1
497.64,1,7,0.4896,-0.171,9,0,0.05,20,1
1185.61,1,46,0.8554,-0.0045,1,0,0.6575,0,1
753.84,1,1,0.2684,0.1965,1,0,0.7492,5,0
1790.52,2,33,0.7982,-0.105,3,0,0.6257,51,0
606.91,1,10,0.7742,0.0853,2,1,0.2013,7,0
1032.03,1,55,0.8423,-0.4337,3,1,0.5451,25,0
1440.06,1,11,0.7548,-0.0091,0,0,0.9386,4,1
251.84,0,49,0.2378,-0.0801,1,0,0.8088,5,0
268.93,0,35,0.0425,-0.2696,3,0,0.1327,59,1
421.98,0,3,0.8321,-0.3855,6,0,0.1761,49,1
153.89,0,44,0.218,0.0572,1,0,0.5561,3,0
1771.58,1,53,0.7281,0.0541,1,0,0.7776,4,0
682.2,0,14,0.2037,0.0476,1,0,0.1413,8,1
112.47,0,59,0.2687,-0.2145,0,0,0.4167,8,0
280.27,0,48,0.2421,-0.3601,2,0,0.5855,44,1
692.0,1,45,0.197,0.0317,1,0,0.5454,4,1
264.33,0,21,0.343,-0.0723,0,2,0.6639,0,0
768.77,1,8,0.3119,-0.0443,1,0,0.5649,0,0
3188.61,2,26,0.5896,-0.0225,2,0,0.6865,8,1
278.8,0,49,0.7632,-0.0853,0,0,0.8477,2,0
647.04,1,36,0.324,-0.1025,0,0,0.3557,3,1
273.04,0,39,0.7577,-0.091,12,0,0.3298,15,1
347.25,0,47,0.7226,-0.1706,0,1,0.3253,4,1
588.11,1,21,0.278,-0.2531,3,1,0.2809,11,1
1348.9,2,3,0.368,-0.0467,0,1,0.7887,2,0
582.51,0,54,0.7543,0.0176,0,0,0.4855,7,0
710.79,1,37,0.8646,-0.4358,8,0,0.05,20,1
276.39,0,34,0.7077,-0.0782,1,0,0.7852,6,1
774.33,1,35,0.1352,0.0606,2,0,0.3963,2,0
1078.2,1,52,0.3287,0.0421,3,2,0.3319,0,0
1655.23,1,47,0.9318,-0.3717,4,0,0.05,55,1
1090.29,1,41,0.2409,-0.0013,1,1,0.3978,6,0
170.45,0,47,0.9231,0.1641,1,0,0.2761,7,0
548.28,1,18,0.4697,0.0885,1,0,0.6308,4,1
774.01,1,43,0.6434,0.0901,1,2,0.8949,2,0
810.25,1,59,0.9163,-0.1214,1,0,0.5257,7,0
158.73,0,15,0.6721,-0.3332,7,1,0.05,35,1
386.31,0,35,0.2023,-0.1745,7,1,0.6535,43,0
198.28,0,41,0.3802,-0.0662,1,4,0.5946,6,0
489.09,0,32,0.6344,-0.0426,2,0,0.976,3,0
548.45,0,59,0.8866,0.0144,0,1,0.2988,6,0
265.87,0,25,0.2881,0.0657,0,0,0.7183,8,0
1037.8,1,14,0.875,-0.3712,4,0,0.05,50,0
188.42,0,9,0.3453,-0.4411,4,0,0.1342,32,1
1107.11,1,51,0.5024,0.0493,0,0,0.157,2,0
747.59,1,42,0.5324,-0.0776,7,0,0.2827,45,0
608.31,1,35,0.6548,-0.3488,3,2,0.4376,33,0
262.07,0,26,0.6175,-0.0984,6,0,0.3282,22,1
246.38,0,25,0.0685,-0.058,1,0,0.7061,1,0
794.26,1,57,0.5174,-0.3453,4,1,0.289,47,1
3346.3,2,41,0.6479,0.0554,2,1,0.1516,6,0
220.31,0,58,0.6941,0.174,1,3,0.3024,0,1
1633.5,1,49,0.2794,-0.2557,7,1,0.1157,36,1
559.73,1,47,0.4051,-0.0608,0,1,0.6939,1,1
1566.54,1,34,0.4193,0.1169,2,0,0.3074,2,0
203.18,0,15,0.6732,-0.1802,1,0,0.3751,7,0
889.68,1,40,0.5599,0.1243,1,0,0.6498,4,0
244.28,0,43,0.9113,-0.4419,4,0,0.3023,35,0
2127.96,2,32,0.783,-0.2291,6,0,0.4934,28,1
383.89,0,2,0.1159,-0.0276,3,0,0.8855,2,1
490.2,0,58,0.2005,0.0521,1,2,0.3478,2,1
3640.61,2,50,0.2637,0.2283,0,0,0.6997,3,0
251.69,0,22,0.7169,-0.0638,1,0,0.5394,6,0
309.32,0,30,0.6663,-0.0801,2,0,0.882,3,0
220.56,0,8,0.4774,0.0278,0,0,0.2776,6,0
204.96,0,57,0.702,0.1725,0,1,0.5416,2,0
194.16,0,14,0.5498,-0.1574,9,0,0.1053,39,1
248.82,0,23,0.6916,-0.3511,5,0,0.0555,41,1
971.25,1,26,0.7081,0.0369,1,0,0.5814,6,0
455.81,1,16,0.3955,-0.0805,2,0,0.3795,3,0
285.33,0,39,0.6936,0.0379,0,0,0.3338,0,1
1512.97,1,60,0.4821,-0.0193,2,0,0.5769,4,0
429.47,0,52,0.812,-0.2797,7,0,0.562,32,1
1955.52,2,32,0.2688,0.0998,3,1,0.7302,0,0
177.86,0,8,0.6716,-0.1124,0,0,0.3785,3,0
1045.41,1,52,0.3226,-0.0083,1,0,0.4194,0,0
128.87,0,16,0.2986,-0.1306,4,0,0.3648,55,1
1312.61,1,55,0.3894,-0.0782,0,0,0.5868,4,0
269.11,0,24,0.2593,-0.0879,2,0,0.3484,0,0
1689.48,1,32,0.5299,-0.0262,2,0,0.5237,1,0
158.45,0,27,0.2953,0.0544,0,0,0.8081,0,0
3309.58,2,28,0.4442,-0.2183,8,0,0.3474,18,1
859.24,1,10,0.7315,-0.4373,7,0,0.2984,15,1
792.63,1,34,0.3894,0.2662,0,0,0.8592,0,0
551.02,1,25,0.2951,-0.0477,2,0,0.6315,0,0
2956.42,2,51,0.1933,0.094,1,1,0.6601,7,0
367.43,0,29,0.3076,-0.0909,0,0,0.3741,1,1
541.68,0,58,0.5158,-0.1846,1,0,0.2658,14,0
412.69,0,18,0.1738,-0.3114,3,0,0.509,34,0
235.57,0,20,0.8238,-0.1666,9,0,0.05,53,1
626.33,1,3,0.8941,-0.0983,6,0,0.3363,38,0
1486.61,2,45,0.3017,-0.0929,7,1,0.4041,56,0
4019.26,2,5,0.5491,-0.0619,4,2,0.5655,8,0
677.81,1,18,0.3149,0.0654,2,0,0.3966,2,0
1494.13,1,55,0.5765,-0.1255,1,0,0.6632,2,1
2884.19,2,37,0.6134,0.047,1,0,0.78,7,0
2693.75,2,34,0.3021,-0.2816,4,0,0.1933,41,1
260.47,0,49,0.3521,-0.0578,0,0,0.7095,8,1
1121.54,1,47,0.6933,-0.1232,9,0,0.6093,11,1
885.19,1,54,0.9503,-0.1655,3,0,0.3782,12,1
254.85,0,40,0.4507,-0.2689,6,0,0.4005,36,0
369.99,0,27,0.3248,-0.3859,2,0,0.1776,30,1
2282.06,2,8,0.8596,0.2104,0,0,0.8976,5,0
1814.94,2,23,0.6746,0.0476,1,1,0.4365,1,0
2960.65,2,43,0.4692,-0.1606,1,0,0.1754,8,0
870.29,1,16,0.1707,-0.1358,2,2,0.8029,6,1
344.12,0,41,0.4329,0.0269,1,0,0.1352,5,0
247.41,0,9,0.562,0.1226,0,0,0.4827,4,1
582.91,1,4,0.7201,0.0335,3,0,0.8384,6,0
1633.53,1,22,0.4215,0.0712,2,0,0.6771,4,0
1529.25,1,14,0.5681,0.0141,0,0,0.5952,4,0
1212.63,1,53,0.5985,0.1162,1,0,0.7774,8,0
253.19,0,23,0.1641,0.0817,1,2,0.8215,3,1
801.2,1,26,0.7282,-0.1709,3,1,0.3626,46,1
470.45,0,25,0.3507,0.0648,1,0,0.6949,0,0
256.22,0,20,0.279,-0.1343,2,0,0.2375,0,0
232.41,0,56,0.4765,0.0648,2,0,0.9397,2,1
558.45,0,45,0.509,-0.2526,4,0,0.5951,19,1
2360.28,2,10,0.6211,-0.3482,6,0,0.217,52,1
538.52,0,13,0.5254,-0.1134,3,0,0.05,53,1
177.76,0,5,0.4854,0.0482,1,0,0.7406,2,0
1066.98,1,16,0.7771,0.1617,1,1,0.8687,4,0
1837.39,1,40,0.7717,0.0234,2,0,0.7989,4,0
293.04,0,57,0.3397,0.0389,2,1,0.6484,5,0
264.4,0,29,0.2272,-0.082,6,1,0.1076,45,1
192.71,0,5,0.7005,0.2097,0,0,0.3846,7,0
1299.9,1,3,0.2819,0.0182,1,1,0.5062,2,0
221.48,0,25,0.2294,-0.2053,2,0,0.3003,49,0
280.53,0,16,0.4786,-0.0263,2,0,0.4533,6,1
188.26,0,35,0.8141,0.0651,0,0,0.3785,4,0
1534.77,1,8,0.5065,-0.0003,0,0,0.8267,5,0
434.45,0,14,0.4258,-0.1549,2,0,0.6101,2,0
880.22,1,34,0.862,-0.0846,7,0,0.3272,49,0
193.63,0,17,0.7129,0.1015,1,1,0.7274,6,0
1523.54,1,22,0.5046,0.1347,2,0,0.5404,5,0
255.14,0,14,0.3319,-0.3851,6,0,0.1824,19,1
196.97,0,4,0.1783,0.0391,0,1,0.7914,1,0
156.51,0,21,0.5495,0.0461,1,0,0.5013,1,0
709.91,1,20,0.2869,-0.2973,5,0,0.0701,57,1
1442.45,2,54,0.4923,-0.1723,0,1,0.5757,33,0
233.2,0,54,0.6436,-0.1905,5,0,0.56,39,1
376.31,0,26,0.4644,-0.2542,3,0,0.3289,28,0
2104.5,2,18,0.8722,0.1122,0,0,0.5477,3,0
1007.99,1,26,0.5366,-0.2311,6,1,0.27,36,1
225.14,0,37,0.813,-0.0512,0,0,0.7852,5,0
296.69,0,24,0.6442,-0.0231,3,0,0.1891,4,0
1743.3,1,46,0.7716,-0.2201,3,0,0.2942,58,1
787.81,1,58,0.4445,0.0132,0,0,0.5479,0,0
1018.18,1,25,0.8323,-0.052,3,0,0.5253,29,0
1387.54,2,8,0.8083,-0.1054,1,0,0.3546,2,0
493.7,0,8,0.889,-0.4192,5,1,0.05,35,1
245.39,0,53,0.7217,-0.2964,2,0,0.05,9,0
418.87,0,25,0.2882,0.0228,1,1,0.3876,8,0
277.76,0,20,0.6799,-0.0271,1,0,0.7384,8,0
359.22,0,38,0.3316,0.0988,0,0,0.5741,3,0
366.77,0,58,0.3001,0.0569,4,0,0.4093,5,0
247.53,0,26,0.7563,0.0535,1,0,0.6633,1,0
1304.26,1,19,0.479,-0.0997,9,1,0.2309,23,0
222.35,0,52,0.3378,0.1797,1,1,0.1872,8,0
380.76,0,5,0.163,-0.0824,1,0,0.9572,7,1
776.39,1,51,0.5565,-0.0221,0,0,0.1239,2,0
1005.83,1,32,0.7839,-0.0136,2,0,0.2584,3,0
757.12,1,2,0.0947,0.1458,3,0,0.5008,3,0
905.7,1,14,0.2262,-0.0174,0,0,0.9754,4,0
610.99,1,41,0.4367,-0.0592,2,0,0.6775,2,0
316.25,0,46,0.5901,-0.0718,6,1,0.2943,56,1
294.52,0,12,0.5062,0.0305,1,0,0.69,3,0
736.69,1,40,0.3125,-0.0994,5,0,0.4123,38,0
284.47,0,60,0.2713,-0.018,0,0,0.6292,3,0
303.93,0,42,0.4635,-0.0487,1,1,0.8913,0,0
233.73,0,43,0.6549,-0.2776,4,1,0.5455,52,0
277.22,0,12,0.7177,-0.0144,2,0,0.7701,7,1
203.96,0,39,0.796,-0.1585,7,0,0.4658,35,0
659.11,0,43,0.7583,-0.1636,7,0,0.5464,31,1
1289.38,1,7,0.8438,0.0798,2,2,0.7184,1,0
2640.72,2,19,0.4067,0.02,2,0,0.6596,8,0
437.08,0,53,0.4646,0.0337,2,0,0.7027,4,1
1200.49,2,60,0.641,0.0987,0,0,0.7253,6,0
118.47,0,11,0.4686,0.0763,1,0,0.5137,0,0
2086.98,2,44,0.7192,-0.119,7,0,0.2976,10,0
1481.38,2,31,0.7689,0.0216,1,0,0.3789,7,0
266.95,0,36,0.7774,-0.0152,1,0,0.5238,2,0
956.42,1,31,0.5401,0.0624,2,0,0.4949,1,0
3312.2,2,53,0.8371,0.0284,1,0,0.5312,3,0
1611.36,2,27,0.5315,-0.3867,3,0,0.0745,29,1
2760.3,2,36,0.1414,0.1251,1,0,0.9778,1,0
894.49,1,41,0.6689,-0.0474,1,0,0.8576,6,0
327.51,0,34,0.8333,-0.1533,9,1,0.6157,30,0
741.96,1,53,0.2776,-0.0198,0,0,0.5596,0,0
1444.21,1,15,0.2115,-0.0883,1,0,0.4258,2,1
858.33,1,57,0.5214,-0.2601,4,0,0.2257,21,1
539.61,0,41,0.5281,-0.077,2,0,0.3388,7,0
674.91,1,58,0.4024,-0.0127,1,0,0.7304,1,0
376.11,0,23,0.4534,-0.0724,4,0,0.2971,28,0
871.61,1,29,0.5187,-0.1219,7,0,0.6879,13,0
258.57,0,3,0.2058,-0.0007,0,0,0.399,1,0
1110.46,1,56,0.321,-0.0702,0,0,0.5905,5,0
801.52,1,49,0.094,0.1415,2,0,0.5321,4,0
114.23,0,18,0.6971,0.0603,1,0,0.7925,8,0
304.67,1,4,0.3664,-0.0344,3,0,0.8499,8,0
452.7,0,42,0.7831,-0.0686,1,0,0.6584,5,0
3691.6,2,41,0.7037,-0.2274,3,2,0.3167,21,1
1722.95,1,32,0.6808,-0.134,2,4,0.1995,6,1
288.23,0,10,0.6717,-0.1741,8,0,0.1465,35,0
184.46,0,56,0.2892,0.1141,1,0,0.6353,5,1
250.39,0,26,0.6329,-0.0965,6,0,0.05,49,1
291.16,0,44,0.5937,-0.3051,6,1,0.3453,32,1
1687.09,2,52,0.158,0.0817,0,0,0.4432,3,0
1584.81,1,33,0.3825,-0.2203,4,3,0.5251,38,1
635.05,0,6,0.1956,0.1062,0,0,0.6457,4,1
2837.34,2,54,0.7387,0.0818,2,0,0.8741,3,0
288.9,0,41,0.4719,0.0354,3,1,0.2524,7,0
1525.36,2,54,0.4447,-0.1909,5,1,0.0616,30,0
498.27,0,37,0.8615,-0.2407,3,0,0.2378,15,1
914.09,1,55,0.4003,-0.1408,3,0,0.3308,8,1
2168.99,2,53,0.6284,-0.0601,5,2,0.6006,8,0
343.19,0,13,0.6674,-0.3906,1,4,0.7013,23,0
725.04,1,11,0.3736,-0.1048,7,0,0.1604,24,0
2526.6,2,10,0.7167,-0.1651,1,0,0.4955,6,1
175.04,0,48,0.6416,-0.1412,4,0,0.323,48,0
424.27,0,15,0.6402,0.0449,1,0,0.6523,1,0
858.06,1,28,0.4743,-0.3626,7,0,0.4267,42,1
435.05,0,48,0.2659,0.0042,3,0,0.7617,8,0
270.29,0,26,0.63,0.1111,1,0,0.1207,2,1
276.5,0,4,0.361,-0.1383,4,0,0.05,54,1
582.26,1,22,0.9022,-0.0321,0,0,0.5595,2,1
378.34,0,6,0.3857,-0.2701,6,3,0.3117,13,1
213.44,0,24,0.599,0.1318,1,0,0.9028,7,0
750.68,1,45,0.6978,-0.0378,0,2,0.3854,0,0
890.33,1,32,0.5241,-0.3919,5,0,0.1323,34,0
928.57,1,41,0.4286,0.1315,2,1,0.8384,6,0
159.61,0,7,0.7045,-0.1042,2,0,0.1818,2,0
2213.75,2,46,0.4218,0.1795,2,0,0.194,3,0
1175.62,1,26,0.7067,-0.099,0,1,0.3437,1,0
254.03,0,18,0.408,-0.0487,2,0,0.6496,7,0
2218.46,2,40,0.3177,-0.2611,6,0,0.2042,52,0
306.96,0,9,0.1942,0.1241,3,1,0.4815,5,0
277.49,0,30,0.5724,-0.2108,11,0,0.4515,28,0
202.19,0,26,0.8852,-0.043,3,0,0.3235,1,0
878.75,1,10,0.5597,-0.006,1,0,0.5738,7,1
410.68,0,58,0.3025,-0.3359,7,0,0.156,9,0
200.73,0,22,0.2227,0.1041,2,1,0.05,1,1
254.38,0,3,0.2737,-0.0206,2,2,0.564,2,1
178.81,0,27,0.4027,-0.1387,7,0,0.4121,24,0
403.17,0,58,0.448,-0.1277,1,0,0.0928,3,0
861.69,1,41,0.569,-0.0394,1,0,0.3744,0,0
215.36,0,39,0.1787,-0.0709,3,1,0.0901,57,1
299.52,0,55,0.4554,-0.093,1,0,0.9024,1,0
584.04,1,6,0.1569,-0.1545,2,0,0.1695,8,1
201.98,0,34,0.338,-0.423,9,3,0.5524,11,1
533.88,1,20,0.3578,-0.08,1,1,0.2153,5,0
199.64,0,41,0.3194,-0.1109,1,0,0.6811,6,0
466.36,0,52,0.6312,-0.2947,3,0,0.3109,25,0
224.37,0,5,0.3798,0.1049,0,0,0.9031,4,1
341.4,0,10,0.5744,0.1225,4,0,0.695,6,0
216.41,0,58,0.1456,0.0705,1,0,0.2464,0,1
1161.02,1,30,0.4054,0.1511,0,1,0.9523,0,1
202.5,0,19,0.4301,-0.4361,4,0,0.05,41,0
902.3,1,10,0.3051,-0.1007,4,2,0.4213,26,0
906.62,1,22,0.7848,-0.0865,1,0,0.6669,2,0
654.99,0,1,0.4238,-0.1083,2,0,0.6794,1,0
1109.73,1,14,0.5193,0.006,3,1,0.1634,4,0
235.65,0,11,0.46,-0.09,3,0,0.2935,0,1
368.58,0,6,0.5236,-0.0598,3,0,0.8911,0,0
612.92,0,59,0.2586,0.0048,0,1,0.6233,1,0
503.13,1,48,0.2437,-0.3712,5,0,0.1308,11,1
1787.11,2,57,0.6401,-0.1311,0,0,0.4277,1,0
266.92,0,15,0.3546,-0.3532,3,0,0.05,11,0
769.12,1,18,0.9664,-0.3673,5,0,0.6199,12,1
792.15,1,17,0.796,-0.2825,7,1,0.254,49,1
183.72,0,34,0.5079,0.113,2,0,0.3481,1,0
1454.77,1,11,0.4453,-0.0648,1,0,0.6377,5,0
540.94,1,15,0.8204,-0.1956,3,2,0.05,57,1
2237.58,2,59,0.6513,0.0341,2,0,0.5923,4,0
3460.83,2,22,0.4849,0.0901,4,0,0.4263,3,1
286.95,0,47,0.2529,-0.0348,1,0,0.7088,4,0
205.84,0,14,0.7161,-0.11,4,0,0.2617,14,1
555.12,1,56,0.1402,-0.229,5,0,0.5054,52,0
267.57,0,42,0.3997,-0.3268,6,0,0.2754,14,0
222.5,0,52,0.91,0.001,1,2,0.5162,3,0
2578.74,2,31,0.3862,0.0941,0,0,0.1279,2,0
177.57,0,55,0.8225,-0.1895,6,0,0.05,33,1
385.46,0,22,0.6924,-0.3149,6,0,0.1265,42,0
926.73,1,29,0.3994,0.0184,2,0,0.8872,7,1
309.92,0,4,0.4282,-0.0232,1,0,0.214,4,1
480.23,0,11,0.2611,-0.0994,2,0,0.3505,54,1
2059.04,2,47,0.5238,-0.0499,0,0,0.6922,4,0
224.94,0,20,0.8668,0.0181,1,0,0.4441,6,0
239.41,0,7,0.6368,-0.0577,0,0,0.6334,5,0
271.1,0,18,0.5472,-0.0547,1,0,0.4208,6,1
2324.79,2,22,0.4481,-0.2966,0,0,0.5673,7,0
216.84,0,44,0.2081,0.1585,3,1,0.8606,4,0
438.4,1,6,0.6425,0.1844,2,1,0.2301,5,1
238.31,0,2,0.5444,-0.3732,6,0,0.4617,9,1
328.92,0,44,0.7173,-0.1768,2,0,0.3114,39,1
2517.23,2,9,0.304,-0.3325,3,2,0.2687,27,1
1354.33,1,26,0.1024,-0.2204,7,0,0.4623,49,1
4758.29,2,41,0.4076,0.0839,3,0,0.3994,6,0
378.28,0,31,0.3,-0.1714,2,0,0.22,59,1
1443.9,1,8,0.1478,0.0366,2,0,0.5874,2,0
3138.8,2,44,0.4229,0.1058,0,1,0.3946,4,1
527.6,0,3,0.1442,0.0645,1,4,0.8714,8,0
554.29,0,14,0.8474,-0.4411,2,0,0.0571,57,0
3348.04,2,7,0.2902,-0.325,1,0,0.1664,27,0
371.34,0,31,0.5452,-0.2105,3,1,0.05,24,1
828.31,1,42,0.6596,-0.079,3,1,0.4235,6,1
2365.53,2,39,0.3796,-0.1365,2,0,0.3147,38,0
257.66,0,9,0.2136,-0.3552,7,0,0.1676,27,1
360.44,0,21,0.6825,-0.1584,9,1,0.2364,51,0
225.37,0,9,0.4412,0.0591,0,0,0.766,5,0
271.24,0,21,0.3066,0.056,1,1,0.6751,4,0
127.18,0,14,0.1922,0.1089,1,0,0.634,6,0
1626.69,1,45,0.1645,-0.1965,5,0,0.3141,22,1
268.46,0,46,0.4238,-0.2838,5,0,0.3763,58,0
1043.85,1,50,0.6119,-0.096,2,0,0.5642,7,0
483.04,0,13,0.2823,-0.0621,5,0,0.0546,24,1
322.14,0,1,0.9078,-0.4372,5,0,0.2249,39,1
480.78,0,3,0.4836,0.117,0,1,0.4538,3,1
576.29,1,51,0.3311,0.0209,4,0,0.3801,7,0
671.13,0,55,0.3473,-0.0062,3,0,0.1801,5,0
424.27,0,13,0.5655,0.1626,0,0,0.6901,4,0
2582.32,2,53,0.3507,-0.4022,7,1,0.3021,21,1
1465.57,1,32,0.0341,-0.2027,6,0,0.469,17,0
192.65,0,12,0.2608,-0.3391,7,0,0.3218,48,1
2169.41,2,19,0.3074,-0.4494,5,0,0.6376,30,1
480.76,0,16,0.5745,-0.074,3,2,0.4331,1,0
150.87,0,46,0.4104,-0.0051,1,0,0.3169,6,1
352.85,0,12,0.1107,0.044,0,0,0.5543,3,0
349.37,0,11,0.4319,-0.0885,1,0,0.697,3,0
577.73,0,44,0.2259,-0.0623,1,2,0.09,0,0
511.42,1,19,0.5617,-0.1399,1,0,0.7171,3,0
509.41,0,16,0.3195,-0.0632,7,0,0.4459,38,1
731.73,1,49,0.3009,-0.119,2,0,0.05,32,0
2052.41,2,56,0.747,0.2344,1,2,0.5505,6,0
580.29,1,34,0.4446,-0.3474,1,0,0.3349,55,0
608.18,1,50,0.5224,-0.3689,4,0,0.4838,50,1
1025.01,1,51,0.5961,-0.1095,4,0,0.5932,4,0
1626.05,2,36,0.1062,-0.0769,6,0,0.1294,45,1
375.77,0,50,0.7351,-0.1003,2,0,0.2204,5,1
229.95,0,1,0.7873,-0.1698,5,0,0.0939,58,1
582.11,1,3,0.719,0.1031,3,0,0.7316,5,0
739.88,1,54,0.5922,-0.0853,1,0,0.5873,4,1
326.27,0,9,0.3807,-0.3978,6,0,0.6342,15,1
807.67,1,44,0.6808,-0.133,3,0,0.1237,19,1
293.49,0,26,0.5968,0.0064,0,0,0.6405,0,0
3062.22,2,48,0.4407,0.0024,0,0,0.3728,0,1
423.57,0,40,0.6451,-0.4207,6,0,0.342,47,1
260.17,0,5,0.4577,0.1188,1,1,0.1768,6,0
201.22,0,21,0.4965,-0.2614,4,0,0.5071,34,1
297.83,0,43,0.8471,-0.3633,8,0,0.3066,55,0
341.93,0,56,0.6861,-0.3035,2,0,0.7435,7,0
173.93,0,49,0.2931,-0.3645,3,0,0.2924,34,1
212.34,0,54,0.2069,-0.0458,1,0,0.1575,7,1
225.47,0,58,0.6639,0.0302,1,0,0.5496,3,0
269.65,0,54,0.2313,0.2459,0,0,0.3585,3,0
222.19,0,35,0.7511,-0.3896,4,0,0.05,59,1
371.42,0,21,0.3951,0.0221,1,0,0.233,2,1
165.35,0,31,0.1721,0.0697,1,0,0.9131,1,0
166.83,0,48,0.5937,-0.422,3,2,0.7062,20,0
258.02,0,26,0.5815,-0.0643,4,0,0.4751,49,0
272.71,0,50,0.4789,0.1376,3,0,0.7588,6,0
534.91,1,43,0.7293,-0.0216,1,1,0.6473,2,0
1940.81,2,13,0.0774,-0.3761,2,0,0.5934,29,0
2085.7,2,56,0.5966,0.0614,1,0,0.8267,5,0
775.55,1,51,0.5277,0.0109,1,0,0.5172,0,0
938.59,1,36,0.5357,-0.4475,8,2,0.1141,48,1
230.06,0,12,0.576,-0.3188,6,0,0.7037,11,1
1492.88,1,14,0.4599,-0.222,4,0,0.3292,45,1
1055.84,1,51,0.3112,-0.1087,0,0,0.792,0,0
670.97,1,2,0.2372,-0.0242,0,0,0.222,6,0
2480.72,2,30,0.4867,-0.3512,7,0,0.1253,56,1
302.86,0,38,0.2909,0.062,1,0,0.3201,6,0
1361.54,1,14,0.1453,0.0508,1,0,0.1072,0,0
721.32,1,52,0.1802,-0.1399,1,0,0.4173,2,0
379.35,0,32,0.213,-0.3404,7,0,0.05,11,1
2435.42,2,4,0.885,-0.2878,2,0,0.2484,38,0
488.79,0,20,0.6057,0.0737,2,0,0.8506,3,0
3770.78,2,24,0.6357,-0.0758,6,0,0.0559,36,1
953.52,1,14,0.6698,-0.1982,4,1,0.2253,44,0
264.56,0,57,0.7061,-0.0116,0,0,0.24,3,0
1062.66,1,22,0.1433,0.1118,0,0,0.334,4,1
272.25,0,31,0.2969,-0.0403,1,4,0.2456,4,1
1602.51,1,33,0.4555,0.0287,2,0,0.6199,5,0
914.78,1,14,0.3462,-0.1797,2,2,0.7188,2,0
772.2,1,35,0.2968,-0.4124,10,4,0.5639,36,1
2043.38,2,22,0.2263,0.1505,2,0,0.3329,2,0
189.68,0,1,0.7042,-0.0908,4,0,0.3966,47,1
352.37,0,25,0.6001,0.1099,0,1,0.2023,3,0
217.65,0,36,0.1538,0.1156,3,0,0.5969,5,1
425.91,0,8,0.5526,0.1549,1,0,0.3123,5,0
184.45,0,47,0.3824,-0.0147,0,0,0.2381,4,0
303.21,0,40,0.5992,-0.339,3,1,0.05,38,1
433.75,0,19,0.9404,0.2448,2,0,0.1821,6,0
136.54,0,36,0.2522,-0.3906,3,0,0.6754,18,0
4864.0,2,19,0.5881,-0.112,0,0,0.6434,7,0
249.89,0,39,0.3781,-0.3643,7,0,0.05,55,1
2521.5,2,10,0.3772,-0.0946,2,0,0.2854,34,1
354.21,0,37,0.2377,-0.2005,4,0,0.2361,41,1
373.91,0,4,0.5378,-0.0562,0,0,0.6387,1,1
979.54,1,2,0.3627,-0.013,1,0,0.861,8,0
411.15,0,16,0.4947,0.031,0,0,0.7174,0,0
347.77,0,11,0.3051,-0.3649,7,0,0.05,34,1
1648.35,1,30,0.9267,-0.3264,7,4,0.4266,42,0
348.17,0,10,0.6895,-0.0914,2,0,0.8299,6,0
576.8,0,15,0.6013,-0.3066,4,0,0.2583,18,1
1219.99,1,6,0.6631,0.0183,0,0,0.3879,5,0
154.14,0,54,0.4667,-0.148,2,0,0.734,8,0
2219.66,1,45,0.957,-0.0838,1,0,0.1314,5,0
237.19,0,14,0.6122,-0.0835,6,0,0.1154,32,1
4050.78,2,8,0.3287,-0.1148,2,0,0.5104,5,0
898.39,1,52,0.4362,0.0713,2,2,0.6073,6,0
3479.37,2,41,0.8745,-0.2467,0,0,0.5913,3,1
699.42,1,54,0.2586,0.1182,2,0,0.6575,2,0
361.0,0,11,0.0814,-0.3441,8,0,0.0892,56,1
814.52,1,22,0.3951,-0.0256,3,1,0.2353,1,1
503.98,0,8,0.807,0.1116,3,0,0.3622,5,0
1037.69,1,26,0.7825,-0.3492,4,0,0.5119,21,1
1234.97,1,10,0.7103,-0.1296,6,0,0.3403,18,1
135.97,0,1,0.2225,0.075,0,2,0.8093,1,1
2329.18,2,31,0.2246,-0.3016,2,0,0.4752,45,0
334.81,0,59,0.302,-0.0425,0,0,0.4466,5,0
962.45,1,39,0.6711,-0.3997,5,0,0.3048,26,1
1245.92,1,46,0.5559,0.1519,4,0,0.5807,1,0
255.14,0,49,0.1016,0.148,1,0,0.2611,1,1
905.33,1,59,0.5624,0.0626,1,0,0.6441,3,0
1345.67,1,8,0.7917,-0.0155,1,0,0.7482,0,0
130.63,0,16,0.9334,-0.3307,5,0,0.284,47,0
1093.89,1,37,0.394,-0.3593,5,0,0.5475,22,0
258.02,0,50,0.2195,-0.0821,4,0,0.438,43,1
646.72,1,47,0.3781,0.115,1,0,0.4373,4,1
326.25,0,44,0.4246,-0.1598,9,0,0.2071,45,1
3687.97,2,19,0.9256,-0.0602,0,0,0.8939,7,0
3452.74,2,22,0.2438,-0.0726,3,0,0.8342,1,0
276.61,0,5,0.831,0.0751,1,0,0.2819,0,1
394.02,0,19,0.4002,-0.0074,0,0,0.397,3,0
1205.98,1,10,0.5495,0.1199,2,0,0.338,0,0
863.2,1,57,0.5092,0.1518,1,0,0.5741,1,0
227.53,0,6,0.997,-0.4049,4,0,0.1274,54,1
232.19,0,22,0.5967,-0.4377,2,1,0.4444,49,1
388.83,0,54,0.1588,0.108,2,1,0.4081,8,0
2364.86,2,58,0.5739,-0.1651,4,0,0.0812,15,1
201.08,0,23,0.4371,0.0417,2,0,0.6389,7,0
1330.78,2,28,0.3723,0.0147,2,0,0.6598,0,0
388.01,0,32,0.3507,0.0093,0,0,0.5011,3,0
1981.98,2,50,0.5599,-0.1555,2,0,0.3546,17,0
325.55,0,47,0.8143,-0.232,4,0,0.05,49,1
447.55,0,32,0.2919,0.0195,0,0,0.2752,0,1
1517.93,2,23,0.3131,-0.4446,5,0,0.4228,10,0
2362.38,2,23,0.7168,-0.133,4,0,0.5425,37,1
273.18,0,39,0.7405,-0.0897,2,0,0.445,6,0
331.22,0,51,0.7433,-0.0099,1,0,0.6088,7,0
447.46,0,5,0.3167,-0.0396,1,0,0.9084,1,0
182.1,0,47,0.6617,-0.2052,1,0,0.6454,4,0
354.0,0,29,0.7491,0.1362,2,0,0.4322,2,0
3443.55,2,9,0.4246,-0.1063,7,0,0.0545,28,0
271.69,0,6,0.7889,-0.1403,0,0,0.6192,3,0
848.2,1,21,0.5317,0.1148,4,0,0.8775,5,1
335.74,0,15,0.2951,-0.0135,3,2,0.3637,1,0
327.2,0,7,0.9088,-0.01,0,0,0.7242,7,1
1091.21,1,18,0.1915,-0.3844,5,0,0.3883,31,0
352.95,0,51,0.6537,0.1274,3,0,0.9388,8,0
631.14,1,44,0.7878,-0.0352,0,2,0.2885,3,1
410.13,0,13,0.3667,0.0795,0,0,0.3395,2,0
3610.49,2,41,0.3024,-0.3089,3,0,0.4254,23,0
949.89,1,28,0.3875,0.053,0,0,0.8636,2,1
1422.64,2,45,0.9178,0.1103,1,1,0.5677,3,0
278.58,0,15,0.3375,0.1605,0,1,0.5782,1,0
310.42,0,4,0.6522,-0.1912,5,0,0.231,54,1
194.27,0,19,0.686,-0.0553,5,0,0.5008,16,1
784.6,1,60,0.39,0.1798,0,1,0.3928,7,0
177.08,0,34,0.3855,-0.2806,2,0,0.5865,26,0
358.68,0,4,0.8822,0.0001,0,1,0.8445,7,0
307.34,0,59,0.9012,0.0204,1,0,0.7919,6,0
163.02,0,50,0.5793,0.0497,1,0,0.5918,6,0
327.96,0,33,0.7337,-0.0173,2,0,0.8818,1,0
284.32,0,45,0.4462,0.0747,0,3,0.7608,5,0
347.45,0,12,0.0541,-0.3232,4,0,0.2872,59,0
776.03,1,36,0.137,-0.0827,6,0,0.05,37,1
219.06,0,55,0.9127,-0.029,1,0,0.5567,7,0
221.43,0,27,0.5146,-0.2158,3,0,0.336,51,0
737.2,1,3,0.9026,-0.1232,4,0,0.4302,22,1
895.88,1,46,0.9099,0.047,2,0,0.6148,7,0
305.41,0,44,0.5962,0.038,2,0,0.6808,0,0
832.53,1,45,0.2356,-0.052,2,2,0.4416,6,0
2069.5,2,39,0.122,-0.1049,1,0,0.2259,23,1
787.0,1,9,0.6341,0.0205,3,0,0.6439,2,0
5772.89,2,7,0.3996,0.1664,1,0,0.4934,3,0
679.58,1,48,0.4632,-0.4424,5,0,0.4744,47,1
238.55,0,52,0.3133,-0.0859,2,0,0.5537,2,0
918.49,0,5,0.8304,-0.029,2,0,0.7395,5,0
1031.3,1,35,0.5516,-0.0217,1,0,0.2491,6,1
1480.64,2,31,0.3146,0.0513,1,0,0.6437,3,0
389.48,0,22,0.4084,0.0926,0,4,0.7236,4,1
210.9,0,39,0.4825,0.0347,0,0,0.7075,3,0
1223.4,1,55,0.4762,-0.4114,4,0,0.2479,44,1
269.36,0,50,0.826,0.1852,1,1,0.5921,8,1
763.03,1,10,0.3936,-0.0238,0,0,0.8178,2,0
1563.1,1,28,0.4297,0.0942,0,0,0.4208,6,0
1085.14,1,57,0.2241,0.0163,2,0,0.6615,7,0
3373.72,2,15,0.2139,0.0135,1,1,0.4491,4,0
1036.33,1,52,0.6526,-0.1233,8,0,0.457,23,1
761.79,1,30,0.9394,0.1743,1,0,0.6905,3,0
1102.35,1,32,0.6932,0.0505,0,0,0.6267,6,1
1358.92,1,16,0.7316,-0.1796,4,0,0.2517,58,0
2515.89,2,56,0.5619,0.168,3,0,0.468,1,1
544.82,0,32,0.3009,-0.165,2,1,0.1027,49,1
1198.58,1,35,0.3565,-0.2321,1,0,0.6129,50,1
312.33,0,28,0.4642,0.1228,0,0,0.9383,2,0
2620.82,2,6,0.8158,0.0522,1,0,0.2301,0,0
933.79,1,47,0.4192,0.2657,2,0,0.4939,7,0
187.16,0,20,0.6759,0.0202,0,0,0.6705,1,0
281.0,0,15,0.554,0.135,2,0,0.4558,1,0
313.34,0,47,0.1211,-0.0825,4,0,0.4295,55,0
769.39,1,12,0.3961,-0.1998,6,0,0.3967,16,0
326.38,0,41,0.3731,-0.0162,2,0,0.2086,7,0
292.17,0,29,0.6039,-0.0157,0,0,0.3767,4,1
3146.41,2,48,0.4713,0.0697,0,0,0.8599,5,0
1122.5,1,4,0.7404,-0.2748,2,0,0.4221,55,0
307.47,0,47,0.3887,-0.0376,1,0,0.6278,2,0
179.71,0,14,0.2531,-0.2786,4,4,0.5022,32,0
4491.66,2,53,0.6443,0.144,1,0,0.7268,8,0
846.88,1,22,0.766,-0.1183,1,0,0.2389,57,1
865.16,1,1,0.8715,-0.1669,8,0,0.4398,10,1
257.24,0,30,0.8286,-0.0859,0,0,0.4137,0,0
244.43,0,4,0.1453,0.1896,1,0,0.5094,0,1
497.85,0,17,0.6224,0.1307,2,0,0.6334,0,0
1445.68,1,44,0.7634,-0.428,12,0,0.2176,27,1
338.8,0,34,0.3742,-0.1253,0,0,0.7806,0,0
279.29,0,43,0.8522,0.0552,1,0,0.414,1,0
1105.34,1,53,0.5559,-0.0738,2,2,0.7671,8,1
2462.8,2,29,0.2988,-0.1818,4,0,0.3368,33,0
832.68,1,33,0.6731,0.0522,3,0,0.8987,1,1
326.43,0,4,0.5139,0.0719,1,0,0.7424,3,0
248.51,0,18,0.4241,-0.0517,0,0,0.3146,7,0
316.77,0,44,0.5267,-0.0503,6,0,0.0906,30,1
311.49,0,4,0.6324,-0.4124,3,0,0.4766,22,1
1099.1,1,22,0.622,0.0508,1,1,0.5942,1,1
233.5,0,9,0.8172,-0.0042,1,2,0.4575,0,1
1141.12,1,52,0.5654,0.0453,3,0,0.4053,2,0
1747.63,2,34,0.5944,-0.0824,0,0,0.6907,2,1
1964.17,2,39,0.4235,0.0193,2,0,0.5431,7,0
240.99,0,42,0.5182,0.1595,1,0,0.7817,7,0
199.27,0,14,0.5041,0.0532,2,0,0.4083,7,0
413.79,0,3,0.6867,-0.1646,5,1,0.1828,34,0
206.59,0,24,0.1752,0.0603,2,0,0.2211,5,1
227.07,0,12,0.6955,-0.0312,1,1,0.4343,6,0
450.01,0,20,0.3868,-0.1018,4,0,0.2597,45,1
728.89,1,20,0.8412,-0.3848,6,0,0.3267,18,1
271.52,0,47,0.9117,0.0377,1,0,0.4967,2,0
1684.15,2,20,0.7932,0.0887,0,0,0.9609,0,0
388.16,0,10,0.7328,-0.2635,3,0,0.3758,41,1
390.04,0,58,0.2533,-0.281,7,0,0.6209,20,0
375.6,0,3,0.3492,0.0256,4,1,0.507,0,0
350.03,0,13,0.2517,-0.2176,6,0,0.6664,14,1
297.57,0,21,0.2196,-0.311,4,1,0.3026,11,0
1997.58,2,4,0.9441,0.0094,1,0,0.4559,8,1
218.03,0,54,0.5867,-0.2384,13,0,0.4225,39,0
455.48,0,22,0.1911,-0.0876,2,0,0.2905,45,1
1163.17,1,47,0.3192,0.0554,1,0,0.847,0,0
227.52,0,9,0.6113,-0.0258,0,0,0.2133,2,0
902.49,1,32,0.6486,-0.0275,1,0,0.7271,8,0
261.08,0,8,0.8373,-0.2459,5,0,0.6565,15,1
599.65,1,14,0.392,0.1882,2,0,0.9518,3,0
308.6,0,25,0.5958,-0.028,2,0,0.5529,6,0
250.75,0,52,0.676,0.1342,0,0,0.8873,8,0
637.68,1,19,0.3208,-0.32,5,0,0.6076,55,0
1430.14,2,46,0.6071,-0.3066,5,0,0.05,46,1
167.76,0,6,0.3616,0.0589,1,0,0.6761,0,0
781.51,1,16,0.6593,-0.2454,8,0,0.05,48,1
281.49,0,37,0.8357,0.0865,1,0,0.8063,8,0
213.48,0,29,0.3532,0.0064,0,0,0.6663,3,0
364.18,0,31,0.8604,-0.0351,2,0,0.3103,0,0
869.81,1,41,0.1768,-0.0565,1,0,0.6287,8,1
354.88,0,5,0.9152,0.2171,1,0,0.5285,7,1
834.81,1,42,0.388,-0.2206,4,0,0.2089,41,0
220.17,0,52,0.437,0.0124,2,1,0.5814,0,0
2497.8,2,46,0.5528,0.1073,3,2,0.3588,2,1
572.08,1,18,0.7293,-0.225,4,3,0.2944,22,0
350.26,0,22,0.7204,0.1334,1,0,0.6167,1,0
208.9,0,58,0.3716,0.0164,1,0,0.6495,1,0
399.92,0,48,0.5344,-0.1807,6,0,0.3796,9,0
2131.89,2,56,0.7421,-0.033,1,0,0.326,1,0
420.64,0,55,0.563,-0.0895,3,0,0.2469,1,0
600.82,1,27,0.4921,-0.1651,7,0,0.5529,18,0
228.76,0,8,0.4441,-0.0518,3,0,0.5794,10,1
1016.94,1,14,0.1868,-0.3071,9,0,0.0828,24,0
436.83,0,18,0.5602,0.0492,1,2,0.7159,4,0
1594.85,1,51,0.2328,0.0244,1,0,0.258,8,0
2435.0,2,17,0.6396,0.1409,2,0,0.6698,6,0
551.75,0,22,0.2689,0.1365,0,0,0.452,2,0
804.19,1,52,0.6924,0.0261,0,0,0.6857,1,0
426.0,0,10,0.1612,-0.2446,10,0,0.4169,20,0
208.54,0,40,0.7499,-0.1208,1,0,0.5104,5,0
2780.24,2,34,0.8093,0.0896,2,0,0.3647,1,0
392.14,1,60,0.556,-0.3662,3,1,0.4948,47,0
601.04,1,30,0.1918,-0.1284,3,0,0.3189,20,0
341.46,0,32,0.6234,-0.0106,2,0,0.298,6,0
183.19,0,52,0.254,-0.0098,2,0,0.2598,2,1
336.74,0,60,0.6091,-0.0091,3,0,0.99,7,0
1222.29,1,44,0.3815,0.1635,2,0,0.6837,5,0
243.33,0,42,0.6284,-0.1578,6,0,0.0871,41,1
206.59,0,53,0.2444,-0.1076,5,1,0.1385,36,1
245.65,0,59,0.1507,0.0844,0,0,0.228,5,0
206.82,0,45,0.3384,-0.0263,0,2,0.4418,4,0
279.91,0,18,0.4563,0.1285,0,0,0.5599,2,0
300.55,0,39,0.3992,-0.3309,6,0,0.2333,46,1
2156.24,2,15,0.5207,-0.3333,5,0,0.05,51,0
1599.18,1,31,0.7163,0.1239,0,0,0.7712,1,1
225.45,0,27,0.3237,-0.2164,5,0,0.05,44,0
1448.41,1,60,0.233,-0.3809,5,0,0.6301,35,0
618.18,1,34,0.605,0.1015,1,1,0.41,7,0
297.48,0,58,0.3968,-0.0494,0,4,0.72,2,0
438.77,0,49,0.1382,-0.2705,3,0,0.321,23,0
430.89,0,51,0.1299,-0.063,4,0,0.4453,1,1
250.33,0,11,0.5149,-0.1981,6,0,0.1368,39,1
1080.84,1,47,0.409,-0.2023,1,0,0.3245,7,0
2781.2,2,16,0.6432,-0.2892,8,0,0.7131,27,1
240.06,0,35,0.4232,-0.0066,2,0,0.3547,8,0
1104.12,1,30,0.6395,0.1424,0,0,0.9318,6,0
556.55,0,16,0.5661,0.0083,3,1,0.1438,2,0
1049.76,1,60,0.8983,-0.0169,1,0,0.1235,1,0
1085.12,1,53,0.2231,0.1516,1,0,0.5687,3,0
366.92,0,35,0.5143,0.0108,2,1,0.6844,4,1
173.91,0,1,0.4089,-0.0053,1,0,0.2655,1,1
1045.55,1,11,0.5794,-0.2421,12,0,0.3729,25,0
1681.36,2,14,0.4288,0.0486,1,0,0.5708,0,0
235.9,0,59,0.8874,-0.0131,0,3,0.8344,1,0
618.04,0,25,0.7137,-0.0128,0,0,0.6201,1,0
265.4,0,3,0.6357,0.165,2,0,0.8147,2,0
686.88,1,36,0.2661,0.0249,0,0,0.8691,8,0
1332.25,1,58,0.1348,-0.0248,0,0,0.6974,8,0
638.76,1,34,0.6604,-0.0795,2,0,0.6378,7,0
760.99,1,27,0.9083,0.0399,0,0,0.411,8,0
3715.96,2,11,0.6541,-0.036,3,0,0.221,7,0
903.42,1,53,0.5931,-0.0168,1,1,0.8186,2,0
167.89,0,7,0.3996,-0.0652,1,0,0.7499,8,0
1076.66,1,57,0.46,0.0397,4,0,0.803,8,1
252.43,0,14,0.5882,-0.1103,1,0,0.606,5,0
497.12,0,9,0.4644,-0.3393,3,0,0.2375,49,1
1941.19,2,21,0.4506,-0.0346,0,0,0.7192,3,1
1285.82,1,1,0.4238,0.0917,0,0,0.377,1,0
4468.1,2,1,0.1779,0.0685,1,2,0.8018,2,0
215.3,0,12,0.215,-0.2697,4,0,0.6897,55,1
831.8,1,42,0.4506,0.1046,0,0,0.3233,6,0
332.25,0,49,0.4293,-0.0592,8,0,0.4167,50,0
214.82,0,15,0.4127,0.1468,2,0,0.4728,6,1
318.77,0,39,0.8054,-0.1111,0,0,0.776,5,0
822.62,1,22,0.763,-0.0405,2,0,0.7001,4,0
266.16,0,26,0.7506,-0.0283,1,0,0.6212,1,1
2441.46,2,21,0.4932,0.0839,0,0,0.3886,5,0
297.32,0,54,0.6383,-0.0322,3,0,0.8402,4,1
307.12,0,31,0.5099,-0.0361,4,0,0.8079,5,0
721.72,1,31,0.6075,-0.2224,2,1,0.186,46,1
238.79,0,52,0.7088,-0.2071,7,0,0.5248,52,0
2302.43,2,40,0.439,-0.1055,9,4,0.5867,50,1
876.17,1,9,0.314,-0.1012,0,0,0.8373,1,0
248.71,0,12,0.4835,-0.0314,2,0,0.5841,8,0
996.85,1,21,0.6512,-0.1695,0,0,0.8642,1,0
471.56,1,6,0.6586,-0.2192,1,0,0.3756,1,0
689.22,1,42,0.4034,0.0685,2,0,0.6979,1,0
806.94,1,30,0.329,0.0515,2,0,0.627,0,0
659.57,1,3,0.5371,0.0372,0,0,0.4187,1,0
1574.1,1,25,0.7878,-0.4225,2,0,0.0765,53,0
291.92,0,50,0.493,-0.1476,2,0,0.2478,3,0
946.8,1,55,0.2351,-0.4444,6,0,0.193,54,0
2026.56,2,58,0.7765,-0.1959,7,0,0.1995,22,1
885.1,1,56,0.391,-0.0847,6,0,0.3474,43,1
581.66,1,37,0.9468,-0.3318,3,0,0.1122,57,1
273.27,0,56,0.4929,0.0783,0,0,0.2459,2,0
641.15,1,58,0.1968,0.0497,4,0,0.6025,3,0
2177.94,2,39,0.6341,0.1228,1,1,0.4787,4,0
118.38,0,25,0.2267,0.0571,1,0,0.3459,1,0
195.41,0,58,0.3589,-0.0204,3,2,0.2798,4,0
1485.63,1,25,0.3326,-0.1652,5,0,0.5896,49,0
387.81,0,10,0.3938,0.0637,0,0,0.4339,8,0
1412.17,1,7,0.5202,-0.2491,2,0,0.05,31,0
471.34,0,35,0.7822,-0.2978,1,0,0.5529,6,0
367.02,0,3,0.3738,0.059,1,0,0.4567,0,0
759.54,1,8,0.7862,0.0434,1,1,0.3685,1,1
619.05,1,15,0.0494,0.1769,1,2,0.7297,1,0
1329.53,1,32,0.7316,-0.3541,11,0,0.6112,56,1
910.34,1,29,0.4152,0.0509,0,0,0.6391,0,0
2130.54,1,31,0.2547,-0.3747,5,0,0.5646,9,0
783.24,1,31,0.597,-0.0611,2,0,0.927,2,1
1775.32,1,60,0.5156,-0.2818,4,2,0.2557,19,1
842.48,1,14,0.3904,0.1155,1,1,0.4707,1,0
1420.61,1,29,0.0549,0.0664,4,0,0.7043,8,0
525.17,0,37,0.9604,0.1134,3,0,0.4905,0,0
202.72,0,17,0.399,0.0307,3,1,0.3875,0,0
751.05,1,11,0.5479,-0.07,1,0,0.6531,1,0
1671.84,2,3,0.5376,-0.059,2,0,0.05,50,1
578.67,1,20,0.3635,0.127,2,0,0.4937,6,0
366.26,0,16,0.2758,-0.0779,7,2,0.4922,27,1
830.81,1,12,0.6972,0.0756,2,0,0.3618,0,0
295.36,0,17,0.5232,0.0701,2,0,0.3015,4,0
1081.28,1,42,0.9407,-0.0268,2,3,0.53,1,1
464.58,1,50,0.4366,-0.2818,7,1,0.3536,31,1
1396.31,1,31,0.6054,-0.3646,6,0,0.2087,40,1
787.64,1,4,0.4111,-0.0064,0,2,0.5684,7,1
349.4,0,45,0.6589,-0.3928,4,0,0.1209,28,0
360.37,0,10,0.1523,0.1041,1,0,0.2998,0,0
3877.72,2,4,0.9553,0.0758,0,0,0.6167,4,0
857.93,1,35,0.3067,0.1159,0,0,0.7633,2,0
423.24,1,26,0.4752,-0.0165,0,0,0.1559,8,0
295.86,0,19,0.8748,-0.3771,5,0,0.1908,13,1
311.1,0,59,0.4778,0.0043,1,0,0.7759,2,0
201.92,0,6,0.3205,-0.0546,4,0,0.0874,13,0
305.36,0,4,0.5918,-0.3805,4,0,0.4597,34,0
255.58,0,36,0.4952,0.0711,0,1,0.462,0,0
1500.06,2,26,0.4551,-0.2533,3,1,0.4709,10,0
1125.79,1,49,0.2317,-0.1815,1,0,0.6487,0,1
238.07,0,3,0.6677,-0.0598,2,0,0.1411,3,1
251.55,0,26,0.5501,0.0109,0,0,0.5875,5,0
246.65,0,9,0.5029,-0.2501,7,0,0.3168,9,0
1371.47,1,3,0.5565,0.2294,2,0,0.537,5,0
285.88,0,28,0.553,-0.0777,0,0,0.6381,5,0
914.98,1,45,0.5047,-0.0939,8,1,0.0596,41,1
762.8,1,10,0.4636,-0.0223,1,0,0.5565,8,0
341.0,0,51,0.3402,-0.0546,1,2,0.4576,1,0
1427.22,1,32,0.2421,-0.0688,2,0,0.438,5,0
3010.84,2,29,0.6852,0.0246,2,0,0.7055,2,0
368.81,0,56,0.507,-0.2204,3,0,0.4661,32,0
358.55,0,20,0.2672,0.0319,2,4,0.183,2,0
1480.51,2,13,0.6974,-0.066,0,0,0.492,6,1
1766.19,2,48,0.1715,0.0004,1,0,0.3037,8,0
828.38,1,7,0.1754,-0.2679,7,0,0.405,45,1
690.33,1,53,0.5788,0.1183,0,0,0.671,7,0
199.8,0,50,0.3941,-0.2995,4,1,0.1291,53,1
462.18,1,59,0.5814,-0.3836,3,0,0.5015,50,0
181.02,0,28,0.0673,0.0429,3,0,0.2146,0,1
265.1,0,38,0.7081,-0.0578,1,2,0.3905,6,1
868.63,1,53,0.568,0.0263,2,0,0.3499,8,0
1818.3,2,8,0.6551,-0.4038,4,0,0.05,11,0
914.93,1,19,0.7517,-0.1141,2,0,0.5613,8,0
249.15,0,29,0.3983,0.1409,3,1,0.6519,8,0
424.78,0,38,0.2736,0.0048,0,0,0.961,3,0
2268.0,2,41,0.5464,-0.027,3,0,0.4543,8,0
3062.36,2,56,0.3952,0.0316,1,0,0.5964,0,0
955.61,1,30,0.7575,-0.0671,2,0,0.4232,6,0
544.84,1,11,0.4138,0.0016,0,0,0.2442,2,0
280.94,0,12,0.3144,-0.1772,3,0,0.4041,18,0
188.18,0,49,0.9146,-0.2157,4,0,0.5697,7,0
279.23,0,28,0.7033,-0.077,0,0,0.836,8,1
223.43,0,38,0.4803,-0.0332,0,0,0.8903,3,1
331.48,0,34,0.3112,-0.1557,1,0,0.1911,2,1
556.35,1,49,0.5003,-0.2143,1,0,0.4315,20,0
291.5,0,14,0.4235,-0.434,10,0,0.5526,59,1
354.33,0,11,0.5204,0.0138,1,0,0.286,5,0
1222.78,1,45,0.437,0.0814,1,0,0.7816,5,0
221.94,0,27,0.3008,0.1912,1,2,0.3533,2,1
291.81,0,49,0.3815,0.0628,0,0,0.765,5,0
949.25,1,8,0.1775,-0.0784,0,0,0.3321,5,0
498.39,0,17,0.5169,0.0866,0,0,0.2753,6,0
529.94,1,58,0.3968,-0.4237,3,0,0.1162,46,1
1744.7,2,51,0.8846,-0.092,3,0,0.6906,4,0
773.9,0,4,0.6954,-0.0865,2,0,0.3187,8,0
2181.22,2,50,0.4528,-0.1221,2,0,0.4062,4,0
1238.15,2,4,0.0846,-0.0364,0,2,0.8925,8,0
725.84,1,8,0.2213,-0.4019,5,0,0.3809,29,1
337.69,1,54,0.6799,-0.2125,5,0,0.05,9,0
968.3,1,8,0.5121,0.1092,1,0,0.8703,0,0
1181.63,1,19,0.4045,0.0586,1,0,0.1838,3,0
646.87,1,9,0.7053,-0.1646,10,0,0.2316,47,1
245.95,0,36,0.653,0.0592,1,0,0.3072,0,0
3315.96,2,4,0.5113,-0.3973,3,0,0.506,10,0
482.34,1,18,0.4383,0.1503,0,0,0.661,3,0
560.41,1,20,0.4599,0.0179,1,0,0.9279,3,0
267.75,0,39,0.3634,0.0462,1,0,0.488,6,1
222.86,0,30,0.341,-0.0208,1,0,0.6928,0,0
803.01,1,12,0.4367,-0.2221,6,0,0.4388,37,0
571.87,1,28,0.4827,-0.2372,6,0,0.452,59,1
312.59,0,28,0.5018,-0.4351,4,0,0.05,38,1
275.24,0,22,0.0784,-0.148,5,0,0.0713,16,1
351.46,0,33,0.8804,0.1688,0,0,0.2533,8,0
954.67,1,20,0.5106,0.0163,5,0,0.4957,2,0
311.76,0,21,0.5653,-0.1024,4,0,0.6369,17,1
1446.67,2,48,0.2686,0.1062,3,0,0.6964,3,0
344.57,0,16,0.758,-0.271,4,0,0.5127,40,1
258.29,0,20,0.5672,0.039,1,0,0.2025,3,0
273.57,0,9,0.619,-0.0017,2,0,0.7473,3,0
1284.49,1,42,0.4604,-0.035,2,0,0.6174,7,1
225.45,0,43,0.673,-0.1951,5,0,0.2073,55,1
1428.15,1,41,0.3264,0.0713,0,0,0.5942,8,1
3979.02,2,11,0.954,0.1123,0,0,0.7042,6,0
377.42,0,28,0.155,0.0197,3,0,0.2705,0,0
631.44,1,18,0.3132,-0.1714,8,0,0.377,41,0
134.92,0,46,0.1679,0.1308,0,0,0.3224,5,0
423.04,0,21,0.6521,-0.0535,0,0,0.3322,8,1
301.53,0,25,0.4872,-0.0552,1,0,0.9157,5,0
223.42,0,28,0.5125,-0.0332,2,0,0.5575,6,0
1342.07,1,46,0.6121,-0.1544,0,0,0.7123,3,0
658.31,1,43,0.5513,-0.0018,0,0,0.8324,8,0
767.22,1,50,0.5522,-0.0754,4,0,0.0918,48,0
1069.49,1,26,0.738,-0.0234,1,0,0.8938,3,1
602.72,1,50,0.1981,-0.4247,4,0,0.3509,35,1
279.1,0,53,0.6702,0.1476,3,0,0.7566,8,0
424.57,0,32,0.5243,-0.3251,4,0,0.156,45,1
312.24,0,41,0.9281,-0.3859,5,0,0.6572,49,0
1377.22,1,55,0.7616,0.1634,2,1,0.6257,6,0
3568.8,2,51,0.5578,-0.0037,3,0,0.8232,1,0
290.79,0,17,0.2093,-0.1449,7,0,0.2539,19,1
392.82,1,43,0.2157,-0.1275,9,0,0.5617,27,1
604.38,1,27,0.2387,-0.2085,6,0,0.5311,55,1
1162.57,1,9,0.7416,-0.3065,6,0,0.05,23,1
517.31,1,23,0.6771,-0.1759,5,0,0.3714,46,0
793.84,1,59,0.3237,-0.142,1,0,0.732,0,0
1001.94,1,58,0.3791,-0.2198,0,0,0.8123,4,0
4014.12,2,48,0.356,-0.134,6,0,0.6934,51,1
237.13,0,60,0.4499,-0.3466,5,0,0.05,44,0
1916.02,2,35,0.759,-0.3015,2,4,0.1962,13,1
284.73,0,46,0.3595,0.0772,1,3,0.7785,8,0
1006.31,1,10,0.3921,-0.2412,3,0,0.5746,33,1
274.76,0,18,0.1378,-0.141,0,0,0.6879,5,0
418.69,0,11,0.3386,-0.2695,3,3,0.6252,22,1
219.24,0,57,0.7006,0.0493,2,0,0.2926,4,1
302.46,0,37,0.0922,-0.087,0,0,0.3159,5,1
338.9,0,56,0.5041,-0.3451,5,0,0.05,9,0
252.09,0,25,0.4247,0.0124,1,0,0.053,6,1
389.08,0,25,0.6735,0.0286,1,2,0.6963,3,0
305.52,0,41,0.6333,-0.1842,3,0,0.2263,50,0
1173.0,1,35,0.9239,-0.0076,1,0,0.3077,4,0
2568.71,2,23,0.3501,-0.0695,1,0,0.566,5,0
1015.32,1,20,0.3738,-0.3821,4,0,0.4375,42,0
232.42,0,31,0.4954,-0.0895,3,0,0.7565,2,0
232.55,0,5,0.4244,0.1714,1,0,0.2803,8,0
3684.03,2,12,0.25,-0.2746,3,0,0.1953,25,1
362.24,0,3,0.7377,-0.2065,1,0,0.5998,6,1
202.72,0,10,0.5447,0.0459,2,0,0.3632,5,0
2556.84,2,12,0.2634,-0.0604,0,0,0.9222,0,0
1045.66,2,5,0.5377,0.0156,1,0,0.7915,3,0
237.22,0,4,0.3554,-0.007,2,0,0.703,0,0
1245.86,1,50,0.4053,0.169,1,1,0.6828,3,0
277.57,0,11,0.7576,-0.0184,1,0,0.3872,1,0
927.5,1,34,0.4284,-0.0951,8,0,0.2322,11,0
100.9,0,6,0.3355,-0.1889,5,0,0.5518,21,1
252.8,0,57,0.0946,-0.1167,4,0,0.3597,3,1
1001.86,1,15,0.535,0.0388,2,0,0.4912,1,1
341.29,0,45,0.5146,-0.0558,0,0,0.8686,4,1
1246.44,1,39,0.7532,-0.1009,1,0,0.6594,7,0
269.43,0,47,0.4278,-0.1005,0,0,0.4412,6,0
2264.81,2,38,0.4557,0.1021,0,0,0.6889,0,1
558.35,1,31,0.7268,0.2843,1,0,0.1835,6,0
269.97,0,47,0.4412,-0.0605,0,0,0.8633,0,0
572.3,1,49,0.3609,0.0416,0,0,0.9246,4,0
151.89,0,23,0.2478,0.051,1,0,0.6748,8,0
198.36,0,57,0.1946,-0.033,3,0,0.7519,0,0
491.73,0,60,0.5488,-0.3102,3,0,0.2588,11,0
2183.16,2,44,0.2213,0.2397,0,0,0.5469,3,0
961.2,1,56,0.277,-0.0398,0,0,0.9801,7,0
2005.2,2,7,0.4344,0.1934,1,0,0.6029,8,0
1282.45,2,33,0.4151,-0.0347,0,0,0.1996,7,0
3330.45,2,40,0.7344,-0.1571,6,0,0.731,56,1
135.59,0,56,0.5083,-0.2559,8,0,0.389,56,0
1976.43,2,8,0.1283,-0.2909,4,0,0.6979,30,1
873.15,1,49,0.5547,-0.3901,8,0,0.399,44,0
314.36,0,5,0.5687,0.0938,2,0,0.5778,7,0
690.18,1,22,0.8065,-0.1761,4,0,0.4827,16,0
152.41,0,42,0.9222,-0.4179,8,3,0.5013,44,1
219.09,0,18,0.362,0.0731,1,0,0.7429,0,0
223.14,0,51,0.671,0.1731,0,0,0.2853,4,0
221.25,0,56,0.3212,-0.0658,1,0,0.5553,5,1
407.24,0,10,0.4765,-0.1745,8,0,0.5646,19,1
1569.42,2,16,0.4136,0.0198,0,1,0.5535,3,0
988.87,1,5,0.3385,-0.1465,6,0,0.05,37,1
940.7,1,43,0.5151,-0.0807,2,0,0.6619,1,0
405.87,0,54,0.2926,0.0582,1,1,0.4734,1,0
276.8,0,37,0.5336,0.0865,0,0,0.772,3,0
382.52,0,8,0.845,0.0313,0,0,0.1739,6,0
837.94,1,11,0.5526,-0.3294,8,0,0.4929,49,1
337.62,0,3,0.5566,-0.0903,1,1,0.5487,4,1
525.94,1,30,0.262,-0.0191,1,0,0.4513,5,0
353.48,1,44,0.4601,-0.098,0,2,0.6142,5,0
1015.73,1,10,0.4069,0.0339,1,0,0.2511,1,0
2790.95,2,51,0.8238,0.0688,0,0,0.9235,3,0
342.51,0,16,0.7591,0.1542,1,0,0.6616,5,0
1997.19,2,31,0.3416,-0.0977,1,0,0.4228,5,0
1499.11,1,41,0.4411,0.0572,0,0,0.3518,7,0
757.68,1,33,0.4389,0.1636,0,0,0.6185,7,0
1031.25,1,29,0.2418,-0.392,7,0,0.1296,43,1
1095.91,1,21,0.4735,-0.1036,3,0,0.5448,4,0
4379.91,2,26,0.7176,-0.1274,1,0,0.613,3,0
259.54,0,15,0.5312,0.0824,2,1,0.4107,7,0
708.11,1,18,0.7691,-0.4055,5,0,0.0983,16,0
526.83,1,46,0.5668,0.0678,2,0,0.6526,0,0
499.3,0,53,0.5252,-0.1349,2,0,0.595,42,0
2781.42,2,51,0.1772,0.2001,3,0,0.231,7,0
339.83,0,20,0.2559,0.0988,0,0,0.349,7,0
2649.35,1,20,0.3688,-0.3266,5,0,0.1437,23,1
324.94,0,4,0.3639,-0.0102,1,0,0.4359,3,1
183.84,0,17,0.8313,-0.2723,3,0,0.363,34,1
831.02,1,36,0.5777,-0.0869,0,0,0.5567,2,0
206.17,0,17,0.3333,0.1382,2,0,0.8398,4,1
252.48,0,45,0.6815,-0.2747,6,0,0.6283,48,1
251.89,0,4,0.6927,-0.297,5,2,0.05,43,1
236.14,0,25,0.2755,0.0004,3,0,0.4649,4,0
546.52,1,17,0.4999,-0.2186,8,4,0.4649,56,0
4190.6,2,30,0.8203,-0.2618,4,0,0.3065,29,0
321.98,0,2,0.2389,0.1932,0,0,0.5837,0,0
822.47,1,26,0.5022,-0.2946,6,0,0.4419,39,0
378.06,0,48,0.8287,-0.0952,2,2,0.4841,47,0
1049.53,1,52,0.5867,0.0352,2,0,0.2298,4,0
319.38,0,16,0.4164,-0.0651,2,0,0.4536,2,0
368.57,0,26,0.3817,-0.1385,0,0,0.4151,6,1
303.92,0,42,0.8273,0.1433,1,0,0.5703,1,0
1125.29,1,28,0.177,-0.0589,6,1,0.2331,22,0
1158.42,1,33,0.681,0.1023,0,0,0.7588,6,0
307.0,0,21,0.5082,0.2522,4,0,0.5006,2,0
823.93,1,51,0.6048,0.0869,1,0,0.9001,1,0
1520.6,1,38,0.5698,0.0537,1,0,0.7879,2,0
245.33,0,58,0.383,0.1426,2,1,0.3704,6,0
1020.64,1,47,0.7527,0.1004,0,2,0.6845,4,0
2774.13,2,23,0.3154,-0.1063,0,1,0.4548,7,0
234.28,0,20,0.3633,-0.0508,4,2,0.05,16,1
670.81,1,6,0.4713,0.0154,3,0,0.7279,2,1
256.22,0,38,0.6623,-0.3619,4,0,0.142,52,1
749.15,1,45,0.5734,0.0707,0,0,0.3587,0,0
174.08,0,22,0.6941,0.1392,3,0,0.6116,6,0
708.53,1,2,0.5171,-0.0025,2,1,0.2051,3,0
318.32,0,50,0.3783,-0.1317,2,0,0.2101,2,0
1386.17,1,14,0.4397,0.0764,0,0,0.32,1,0
2913.94,2,35,0.1203,0.1177,1,0,0.5351,7,0
116.75,0,4,0.7888,-0.0357,0,1,0.843,5,0
3003.94,2,4,0.297,-0.0003,0,1,0.6815,0,1
1974.11,2,54,0.6762,-0.2014,0,1,0.4641,8,0
2812.42,2,41,0.3275,0.0045,0,0,0.4578,6,0
288.57,0,1,0.1564,-0.105,2,2,0.3322,4,0
831.96,1,7,0.7793,-0.3975,5,4,0.5147,55,1
279.81,0,30,0.661,0.0535,0,0,0.5094,2,0
287.73,0,41,0.3605,-0.3054,4,2,0.4958,35,1
3842.07,2,26,0.5035,0.1523,0,0,0.245,5,0
883.9,1,53,0.8138,0.0441,2,0,0.2504,3,1
1301.35,1,40,0.2105,0.0393,1,0,0.202,0,0
402.96,0,37,0.6442,-0.3446,3,0,0.3278,28,1
1124.04,1,18,0.2148,-0.1222,6,0,0.2192,10,0
476.23,1,41,0.108,0.1191,0,0,0.5239,8,1
428.68,0,53,0.3197,-0.0716,0,0,0.8411,8,1
2044.6,2,3,0.2895,-0.1809,3,0,0.5507,56,1
372.56,0,45,0.741,-0.127,4,0,0.1998,13,1
206.33,0,53,0.3704,-0.0826,4,0,0.4957,6,0
587.83,1,26,0.3234,-0.1142,2,0,0.1184,6,1
4793.23,2,46,0.5042,-0.0844,2,1,0.914,8,0
207.46,0,22,0.8093,0.2017,2,0,0.3418,6,0
433.12,0,12,0.6822,-0.0409,0,4,0.4438,6,0
302.27,0,49,0.193,-0.1,1,0,0.6787,6,0
2071.82,2,19,0.548,-0.3725,3,0,0.4322,56,0
285.49,0,46,0.3812,-0.2524,1,0,0.9207,5,0
564.44,1,19,0.2333,-0.0755,2,0,0.7891,4,0
2388.47,2,24,0.2365,-0.2107,6,0,0.3278,25,1
198.53,0,42,0.8005,-0.0755,1,0,0.4903,4,0
774.96,1,21,0.5133,-0.4042,5,1,0.495,12,0
1230.38,1,49,0.4911,0.0494,2,2,0.881,4,0
972.81,1,3,0.4538,0.0495,1,0,0.8129,0,0
172.62,0,1,0.8045,-0.0333,2,0,0.6624,2,0
390.69,0,5,0.8333,-0.4126,5,1,0.05,44,0
289.28,0,16,0.4095,0.1646,2,0,0.6786,7,0
736.17,1,4,0.2599,-0.0862,5,0,0.5362,4,0
1155.81,1,23,0.1652,-0.0284,1,0,0.5318,3,0
273.52,0,2,0.5872,0.0095,2,0,0.7592,1,1
192.85,0,46,0.3491,0.09,1,0,0.6309,8,0
4582.3,2,10,0.4159,0.0233,1,1,0.3595,4,0
288.25,0,59,0.2413,0.0073,1,0,0.513,7,0
281.86,0,52,0.4113,-0.3026,6,0,0.0902,54,1
772.35,1,42,0.2873,-0.3747,4,0,0.4353,55,0
438.28,0,48,0.2703,0.0393,1,0,0.7348,6,1
241.33,0,47,0.1901,-0.0314,1,0,0.05,5,1
168.87,0,51,0.3375,-0.2615,5,0,0.5243,55,1
228.68,0,34,0.1737,0.0138,1,0,0.1648,4,0
1416.0,1,38,0.2371,0.2542,0,1,0.4834,6,0
1190.9,1,29,0.0848,-0.0297,1,0,0.1552,0,1
814.0,1,38,0.9125,0.1587,1,1,0.1258,4,1
468.96,0,23,0.6631,-0.1921,7,3,0.1109,55,0
1156.32,1,8,0.0643,-0.055,5,3,0.3554,38,0
264.17,0,56,0.746,-0.0647,0,2,0.6095,6,1
839.79,1,42,0.8671,0.0337,0,0,0.5876,6,0
325.43,0,43,0.3886,-0.3403,2,4,0.5065,36,1
665.18,1,17,0.421,0.2214,3,0,0.7508,4,0
290.46,0,47,0.8947,-0.2346,6,0,0.1977,48,1
323.07,0,32,0.4953,-0.0013,0,1,0.7625,1,1
160.68,0,5,0.6809,-0.2811,3,0,0.3069,51,0
271.41,0,58,0.1473,-0.0153,0,0,0.2711,6,1
260.81,0,60,0.0764,0.0752,4,1,0.8842,8,0
1275.44,1,53,0.4349,0.0902,0,1,0.4527,4,0
466.68,1,29,0.4897,0.0547,1,0,0.2228,6,0
253.75,0,14,0.644,0.0094,2,0,0.6867,2,1
2027.6,2,1,0.1999,-0.0543,7,0,0.4261,45,0
1245.44,1,45,0.6314,-0.3121,7,0,0.2452,52,1
2363.7,2,54,0.6103,0.1314,1,0,0.7011,4,1
1668.79,1,7,0.7636,-0.0081,0,0,0.8305,3,0
1122.14,1,42,0.7299,-0.0594,10,0,0.168,45,0
770.97,1,2,0.4732,-0.4032,7,0,0.333,11,0
967.87,1,47,0.5986,0.0749,2,0,0.2798,3,0
2120.27,2,2,0.487,-0.2649,6,0,0.1283,44,1
391.77,0,59,0.4602,0.1303,1,4,0.5208,0,0
181.93,0,11,0.3199,0.0771,2,0,0.4926,4,0
217.37,0,25,0.6733,-0.3017,0,0,0.7981,2,1
2814.99,2,42,0.9098,-0.0618,2,0,0.5221,3,0
445.37,0,51,0.1371,0.0369,0,0,0.4229,3,0
411.8,1,22,0.6273,0.048,3,0,0.6569,7,0
1439.84,1,59,0.6063,0.0907,2,4,0.6747,7,0
2285.13,2,1,0.63,0.1749,2,0,0.5915,3,0
149.98,0,29,0.25,0.0787,1,0,0.7557,4,0
311.26,1,60,0.1322,-0.1884,2,1,0.6692,2,0
1405.21,2,17,0.3666,-0.0618,12,0,0.4269,14,0
288.01,0,33,0.3578,-0.2031,5,2,0.509,28,1
869.71,1,27,0.7058,-0.128,6,0,0.2531,45,1
361.95,0,24,0.5938,-0.0836,8,2,0.6275,51,0
734.29,1,47,0.4722,-0.0294,4,0,0.8463,2,0
603.9,1,32,0.4506,-0.1164,3,0,0.1314,28,1
250.96,0,43,0.7938,-0.0153,2,0,0.6345,3,0
293.43,0,32,0.4229,0.0793,0,0,0.4253,7,0
314.4,0,60,0.6532,-0.2465,4,1,0.05,10,0
220.01,0,29,0.8701,0.0254,1,0,0.3945,4,0
1220.15,1,48,0.6059,0.0684,2,0,0.4582,7,0
233.32,0,37,0.5136,-0.2787,6,0,0.05,16,1
213.89,0,49,0.1361,-0.2543,8,0,0.1175,32,0
736.11,1,54,0.2232,-0.1027,8,0,0.3921,25,0
1296.49,1,14,0.3464,0.124,5,2,0.63,2,1
849.58,1,19,0.8363,-0.0564,1,1,0.3848,1,0
1882.1,2,19,0.8009,-0.0627,2,0,0.2906,4,0
401.02,0,30,0.5482,0.0263,0,0,0.8677,4,1
1884.06,1,30,0.2189,0.0949,1,2,0.5612,8,0
312.08,0,1,0.5471,0.0731,1,0,0.7875,3,0
1370.69,1,54,0.6016,-0.3708,3,0,0.05,41,0
3449.04,2,52,0.3768,0.0981,1,0,0.8645,0,0
720.0,1,37,0.7993,-0.0428,0,0,0.7682,8,0
898.34,1,19,0.8192,0.0874,0,0,0.8434,0,0
568.12,1,50,0.3906,0.0487,1,0,0.6642,0,0
269.93,0,17,0.5865,-0.4374,5,0,0.2544,46,0
714.84,1,19,0.3513,-0.0336,1,1,0.7488,5,1
772.95,1,60,0.3749,0.0333,0,1,0.279,3,0
1845.97,2,56,0.5112,0.0283,4,1,0.4525,4,1
262.28,0,36,0.3103,-0.0847,2,1,0.8156,0,1
349.38,0,11,0.4822,0.0802,0,0,0.6067,5,0
853.55,1,8,0.6877,0.1357,0,0,0.9452,3,0
151.01,0,58,0.174,-0.2743,6,4,0.3903,37,1
223.35,0,16,0.416,-0.1475,6,0,0.3624,35,0
170.39,0,41,0.7981,-0.4368,4,0,0.1516,43,1
969.37,1,22,0.1696,-0.1534,4,0,0.3715,49,0
345.86,0,30,0.628,0.0069,2,0,0.6808,0,0
317.24,0,60,0.4348,-0.1667,4,0,0.5961,38,0
220.15,0,36,0.47,0.1136,1,1,0.6899,0,0
2616.58,2,26,0.5395,0.0092,1,1,0.608,0,0
754.97,1,25,0.0589,-0.1637,1,0,0.6652,5,0
194.71,0,14,0.4751,0.1,0,0,0.1643,4,1
375.99,0,34,0.3521,0.0597,0,1,0.3838,3,0
1185.04,1,35,0.6693,0.035,3,0,0.5365,2,0
404.23,0,6,0.5123,-0.0974,1,0,0.6103,7,0
719.32,1,25,0.3744,-0.317,5,0,0.4198,43,1
438.19,0,39,0.3353,-0.0515,1,1,0.7644,7,0
2019.23,2,4,0.6669,-0.1281,4,0,0.4547,49,0
364.53,0,59,0.94,-0.3815,9,1,0.115,50,1
744.27,1,52,0.7051,-0.299,5,0,0.235,27,1
268.13,0,39,0.6455,0.2352,2,0,0.5612,3,0
1028.45,2,1,0.1226,-0.2416,2,0,0.3384,23,1
2159.33,2,32,0.5376,0.0477,2,0,0.6216,4,0
918.83,1,54,0.6736,0.0166,1,0,0.4188,8,0
251.23,0,2,0.2532,-0.0624,5,0,0.4136,55,0
536.22,0,48,0.3518,0.1824,2,0,0.6662,2,0
592.5,1,51,0.7585,-0.054,1,0,0.817,8,0
730.67,1,5,0.3852,0.0448,1,0,0.4316,5,1
211.28,0,14,0.8175,0.0018,1,3,0.4514,6,1
238.07,0,44,0.9357,-0.0069,2,0,0.2637,2,0
416.08,0,55,0.791,-0.3242,10,0,0.05,33,1
1492.98,1,47,0.1703,-0.3181,3,0,0.0562,20,1
696.41,1,32,0.8478,0.0411,1,0,0.1884,2,0
691.02,1,37,0.1688,0.0416,1,0,0.3039,0,0
593.61,1,32,0.4915,-0.3996,5,0,0.05,22,0
458.1,0,35,0.3991,-0.4327,4,0,0.1508,43,1
429.33,0,47,0.5084,0.1167,0,0,0.5883,8,0
279.44,0,3,0.6776,-0.0875,1,4,0.2917,3,0
545.98,1,13,0.2436,0.0437,0,0,0.3654,3,0
183.56,0,4,0.7633,0.1243,0,0,0.4274,0,0
307.85,0,48,0.326,0.0769,0,0,0.1914,5,0
351.48,0,44,0.5144,-0.0116,3,1,0.7363,1,0
140.71,0,4,0.1116,0.0485,1,0,0.7371,6,0
795.33,1,7,0.3407,0.1852,5,0,0.1611,0,0
510.96,0,16,0.2885,-0.3621,5,0,0.2931,28,1
268.74,0,15,0.4084,0.0767,2,0,0.472,8,0
1499.06,1,32,0.3434,-0.3029,5,0,0.7142,49,1
363.96,0,30,0.3523,-0.3364,6,0,0.3259,40,1
198.42,0,22,0.4582,-0.2087,7,0,0.6742,16,0
261.76,0,10,0.0934,0.2273,0,0,0.8632,5,0
850.8,1,39,0.5358,-0.1593,4,0,0.2476,16,1
207.78,0,48,0.87,-0.1235,9,0,0.05,11,0
633.82,1,39,0.274,-0.1529,1,0,0.8014,0,0
4066.72,2,49,0.739,-0.1857,7,0,0.3713,39,0
632.16,1,55,0.4946,-0.0727,6,0,0.3056,20,1
422.98,0,51,0.7169,-0.0458,1,0,0.6726,0,0
763.91,1,40,0.3471,0.0826,1,0,0.6374,5,0
287.41,0,3,0.4391,-0.2647,0,0,0.1373,1,0
353.02,0,21,0.7062,-0.1864,10,0,0.058,25,0
721.78,1,26,0.4779,0.0024,2,0,0.3879,6,1
353.77,0,43,0.2802,-0.0556,6,0,0.4132,45,0
141.69,0,51,0.3586,0.2107,0,0,0.7148,8,0
338.25,0,39,0.5998,-0.0108,1,0,0.8252,8,0
122.23,0,22,0.7271,-0.1417,0,0,0.1877,4,0
267.87,0,48,0.6739,0.0657,2,0,0.4971,6,0
1200.16,1,42,0.3133,-0.1034,4,0,0.6005,52,0
2984.02,2,48,0.7233,0.0026,0,0,0.2845,4,1
184.09,0,36,0.4617,0.2551,3,0,0.6553,7,1
591.01,1,39,0.2388,0.041,2,0,0.6779,2,0
227.89,0,21,0.7585,0.1215,0,0,0.3075,3,0
309.53,0,24,0.3552,0.0523,1,2,0.4074,1,0
142.41,0,17,0.7877,-0.251,4,0,0.05,33,1
288.66,0,16,0.6526,-0.0131,1,0,0.5818,7,0
323.4,0,40,0.8099,-0.3499,10,0,0.2122,38,1
262.65,0,24,0.6791,0.0966,1,0,0.05,5,0
348.54,0,9,0.7733,0.0499,1,0,0.6201,7,0
962.49,1,3,0.2423,0.0995,1,2,0.2312,3,0
239.92,0,52,0.6344,-0.0841,1,0,0.1815,18,0
147.26,0,27,0.7894,0.068,3,1,0.6332,8,0
303.86,0,35,0.2191,-0.1394,0,0,0.7524,7,1
637.56,1,55,0.6334,-0.3471,4,0,0.7302,12,0
236.86,0,7,0.2643,-0.0505,3,0,0.4263,8,0
1052.49,1,57,0.3329,-0.1397,5,0,0.3143,35,1
476.25,0,43,0.7411,-0.0284,1,0,0.867,1,0
286.16,0,39,0.7069,-0.1173,2,0,0.6327,5,0
2913.61,2,26,0.5696,-0.0368,1,0,0.4722,4,0
174.92,0,43,0.0722,-0.1569,8,0,0.05,45,1
316.02,0,13,0.7275,-0.1286,3,0,0.6857,44,1
283.98,0,19,0.913,-0.0545,0,0,0.2853,8,0
3690.27,2,58,0.3372,-0.4175,4,0,0.615,21,0
736.61,1,17,0.251,0.1765,1,0,0.4711,6,0
817.82,1,44,0.5992,0.1109,1,0,0.0612,8,0
3476.6,2,56,0.7474,-0.2107,0,0,0.8181,3,0
280.81,0,36,0.4588,-0.1409,4,0,0.5058,17,0
1628.04,2,18,0.6656,0.0058,5,0,0.5672,5,0
708.36,0,51,0.6781,-0.1836,0,0,0.5296,7,0
610.16,1,50,0.5614,-0.109,2,0,0.2763,1,0
283.51,0,33,0.8249,0.0999,0,0,0.5348,4,1
327.41,0,7,0.6875,-0.1771,5,2,0.05,55,0
2635.66,2,27,0.273,0.0281,1,0,0.3644,0,1
271.37,0,26,0.7028,-0.306,5,0,0.5183,54,1
2249.71,2,12,0.5033,0.1282,2,0,0.326,0,0
267.11,0,25,0.2363,-0.103,1,0,0.1151,6,0
602.23,1,10,0.4024,-0.0688,3,0,0.5215,8,0
5093.91,2,42,0.1162,-0.0118,0,1,0.0723,4,0
268.51,0,26,0.5958,-0.2875,5,0,0.2248,32,0
2957.65,2,44,0.5933,-0.0682,1,0,0.167,8,0
791.63,1,28,0.3762,0.1262,1,0,0.7798,5,1
786.08,1,43,0.3871,-0.0644,2,0,0.9531,7,1
247.27,0,44,0.2946,0.0981,1,0,0.5229,6,0
517.38,1,10,0.453,0.0835,1,1,0.9315,2,0
841.35,1,27,0.4566,0.0032,0,0,0.7808,5,0
251.5,0,45,0.2357,-0.0977,8,0,0.643,15,0
436.99,0,36,0.6301,0.0263,0,2,0.7673,7,1
190.76,0,14,0.1922,-0.0651,6,0,0.4454,56,1
1961.02,2,50,0.5167,-0.0329,0,0,0.6428,2,0
211.75,0,12,0.3927,-0.2623,2,0,0.4065,42,1
1474.55,1,60,0.9635,0.107,0,0,0.4393,2,0
1770.35,2,43,0.4819,0.0048,1,0,0.7436,0,0
353.08,0,20,0.0225,-0.0408,1,1,0.3188,4,1
407.25,0,12,0.5133,-0.0488,1,0,0.6371,0,1
845.63,1,55,0.2706,-0.3377,5,0,0.1921,20,0
179.11,0,32,0.5844,0.0824,3,4,0.2549,3,1
552.12,1,49,0.2683,0.055,2,0,0.401,4,1
1202.48,1,50,0.3078,-0.0643,7,0,0.2499,47,1
572.5,1,5,0.5187,0.083,1,0,0.7347,8,0
332.65,0,42,0.8059,-0.1748,5,3,0.2451,20,0
926.34,1,21,0.2125,-0.1135,0,0,0.3901,2,0
1015.58,1,55,0.8531,-0.091,1,1,0.8415,0,0
342.04,0,14,0.895,0.0802,5,1,0.1158,5,0
641.9,1,3,0.3913,-0.1174,1,0,0.593,7,1
1705.8,2,40,0.4903,-0.354,7,0,0.4667,52,1
1143.04,1,34,0.6099,0.0086,1,0,0.4901,4,0
232.67,0,34,0.1889,-0.0833,0,0,0.4828,5,0
110.76,0,16,0.6207,-0.1468,4,0,0.217,6,0
363.92,0,30,0.5165,-0.2037,6,0,0.248,34,1
201.78,0,58,0.7908,-0.161,1,0,0.5169,4,0
341.51,0,46,0.6901,0.0812,0,0,0.4662,5,0
3907.73,2,60,0.5134,-0.4078,7,0,0.05,29,0
291.71,0,20,0.1785,-0.056,1,0,0.7882,5,1
1261.1,1,53,0.5049,-0.1167,4,0,0.3525,2,1
306.04,0,23,0.3102,0.1366,2,0,0.9184,2,0
505.47,0,57,0.5125,-0.2834,7,0,0.6098,50,0
199.97,0,52,0.2388,-0.075,2,0,0.05,54,0
289.17,0,10,0.6837,0.1387,3,1,0.4609,0,0
1126.45,1,59,0.5242,-0.3102,5,0,0.361,40,0
2245.27,2,37,0.8153,-0.2444,3,0,0.2554,11,1
3592.13,2,47,0.8413,-0.0842,1,0,0.7419,7,0
249.3,0,35,0.3887,-0.2884,4,0,0.5763,46,0
1836.29,1,14,0.2254,-0.137,1,2,0.3904,7,1
609.51,0,60,0.4297,0.2283,1,0,0.2833,2,0
2649.03,2,7,0.3329,-0.0628,0,0,0.5778,4,0
1079.91,1,49,0.0855,-0.2401,12,0,0.2152,9,1
440.08,0,13,0.2656,-0.3348,5,0,0.0849,56,0
191.4,0,48,0.066,0.0179,0,0,0.4856,6,0
183.22,0,26,0.2211,0.0046,1,1,0.1303,0,0
450.17,0,15,0.5656,0.0023,1,1,0.5074,3,0
2641.55,2,15,0.6627,0.068,0,0,0.9034,6,0
822.17,1,20,0.6668,-0.084,1,0,0.584,7,1
2409.36,2,55,0.5838,-0.0241,1,0,0.7898,2,0
125.81,0,47,0.5786,-0.2104,4,0,0.7098,8,0
832.58,1,41,0.7301,-0.2317,9,3,0.1636,29,1
222.81,0,38,0.1655,-0.1098,1,0,0.5455,4,0
1227.27,1,26,0.1482,-0.312,3,0,0.4881,56,0
410.81,0,55,0.7282,-0.0073,3,4,0.5228,1,1
354.86,0,17,0.1364,0.0897,1,1,0.452,1,0
1022.12,1,57,0.5559,0.0585,0,0,0.4345,4,0
171.71,0,23,0.4947,-0.2887,5,0,0.6181,39,1
356.6,0,21,0.4863,-0.0744,1,0,0.3989,5,0
1109.33,1,29,0.3246,0.0275,0,3,0.7935,1,0
448.41,0,45,0.3439,0.0454,0,0,0.8078,5,1
5037.16,2,43,0.3,0.2401,1,1,0.7627,8,0
492.17,1,47,0.8731,-0.0146,0,0,0.7261,2,1
776.86,1,6,0.2621,0.0932,1,0,0.3056,7,0
686.38,1,10,0.8122,-0.3696,5,0,0.6972,36,1
945.39,1,51,0.9377,-0.0502,1,0,0.2505,7,0
894.18,1,59,0.5108,0.107,0,0,0.2722,4,0
2211.21,2,8,0.2086,0.2092,2,0,0.5921,3,0
1275.23,1,55,0.3107,0.0462,1,0,0.3547,0,0
197.23,0,16,0.4571,-0.0483,2,3,0.5641,2,0
201.44,0,59,0.7074,-0.4391,11,0,0.2657,24,1
621.88,1,60,0.6187,0.0479,3,0,0.0882,4,1
255.64,0,39,0.0764,0.2417,1,0,0.1803,4,0
188.65,0,12,0.4794,-0.1323,7,1,0.05,37,1
285.11,0,48,0.3699,-0.0734,4,0,0.8663,2,0
839.91,1,7,0.3215,0.1475,0,0,0.9899,2,0
220.21,0,21,0.8236,0.0975,1,0,0.9153,4,0
1208.38,1,39,0.6323,-0.2176,9,0,0.5268,27,0
871.66,1,5,0.241,0.0645,1,0,0.2209,4,0
1290.97,1,24,0.6567,0.1208,1,0,0.7146,6,0
270.86,0,48,0.4486,0.0641,1,0,0.337,3,0
882.5,1,6,0.7982,-0.0054,2,0,0.7596,4,1
730.88,1,23,0.523,0.0334,6,0,0.6792,8,1
289.29,0,1,0.5789,0.0084,1,0,0.5625,2,0
1141.96,1,40,0.2515,-0.2757,6,0,0.4714,22,0
251.12,0,5,0.7515,0.0279,2,0,0.4837,0,0
2877.47,2,17,0.5608,-0.3873,5,1,0.2498,30,0
218.2,0,32,0.36,0.0018,2,0,0.775,7,0
1160.83,1,13,0.5466,0.0196,1,0,0.6394,1,0
726.51,1,14,0.0778,-0.1581,4,0,0.7612,2,1
390.71,0,51,0.535,0.1224,2,0,0.6424,5,0
909.2,1,47,0.72,-0.0753,10,2,0.3717,42,1
493.84,0,5,0.5313,-0.0411,0,1,0.3547,3,1
594.25,1,52,0.5551,0.0791,3,0,0.8163,8,1
530.89,1,29,0.5616,-0.0308,0,0,0.7036,4,0
233.74,0,9,0.7137,-0.0308,2,0,0.3524,7,0
178.62,0,55,0.6441,-0.1199,6,0,0.2677,58,0
548.54,1,21,0.6131,-0.3674,9,0,0.3428,40,1
360.48,0,20,0.4926,0.048,1,0,0.4009,8,0
2396.49,2,9,0.3457,-0.0576,3,0,0.5737,5,0
752.45,1,54,0.8153,-0.222,5,0,0.4326,40,1
777.27,1,18,0.4348,0.1049,2,0,0.4184,1,0
235.3,0,36,0.3263,-0.1006,6,0,0.3643,38,1
1585.81,1,15,0.3868,-0.3714,3,0,0.05,42,0
1855.29,2,54,0.3433,0.0593,1,0,0.5509,5,0
182.57,0,48,0.4776,0.0971,2,0,0.3484,5,0
383.18,0,31,0.2302,-0.0515,6,1,0.1682,58,0
268.91,0,21,0.4314,-0.1152,0,1,0.4686,2,0
591.97,0,40,0.7953,0.2607,4,0,0.6583,4,0
740.3,1,30,0.5583,0.1136,0,2,0.4557,6,0
389.93,0,57,0.4428,0.2825,4,0,0.7705,5,0
1299.83,1,41,0.1333,-0.0783,3,0,0.5593,5,0
241.63,0,2,0.5683,-0.2995,5,1,0.5074,56,1
223.6,0,50,0.0454,0.0359,3,0,0.4456,8,0
375.91,0,12,0.6767,0.1084,2,0,0.3529,2,1
2934.92,2,19,0.152,-0.3223,7,0,0.3962,36,1
543.22,1,27,0.1292,-0.1497,3,0,0.05,59,1
195.38,0,13,0.6443,-0.3569,3,0,0.5773,23,0
366.31,1,57,0.4756,0.0093,0,0,0.8065,8,0
357.19,0,59,0.7434,-0.0316,1,0,0.5237,0,1
264.61,0,10,0.6868,-0.0987,5,0,0.3505,38,1
274.0,0,20,0.1288,-0.0318,1,0,0.3977,8,0
1327.72,2,23,0.5033,0.0074,2,0,0.8265,3,0
606.0,1,41,0.3003,-0.2059,8,0,0.1431,40,1
752.9,1,36,0.4786,0.0256,0,1,0.561,8,1
229.19,0,41,0.4092,-0.0825,4,0,0.5097,14,1
302.21,0,2,0.4961,-0.0823,5,0,0.05,50,0
1091.64,1,31,0.93,-0.0886,0,0,0.7357,5,0
641.78,0,13,0.5252,0.0181,1,0,0.3073,3,0
2383.24,2,14,0.1015,-0.3731,3,0,0.0938,36,1
1315.03,1,47,0.1769,-0.424,4,0,0.517,51,0
216.89,0,9,0.2365,-0.0733,2,2,0.2533,6,0
495.21,1,2,0.493,0.0982,0,0,0.9086,2,0
2121.58,2,30,0.2653,0.1113,0,0,0.2661,5,0
165.78,0,45,0.4354,0.0624,1,0,0.4376,6,0
894.58,1,31,0.6927,-0.0265,3,0,0.952,8,0
1826.33,2,10,0.3426,-0.043,1,0,0.8704,7,0
146.33,0,47,0.5146,-0.0622,5,0,0.6287,45,0
4406.49,2,23,0.2121,0.0141,0,0,0.7105,0,0
240.26,0,43,0.2106,-0.2041,6,0,0.2911,33,0
501.73,1,13,0.1783,-0.0783,3,0,0.7885,6,1
1218.75,1,55,0.7558,-0.3226,11,0,0.2141,41,1
689.67,1,18,0.5117,-0.0998,3,0,0.05,16,0
424.72,0,59,0.7412,0.1427,4,1,0.771,1,0
688.51,1,23,0.7528,0.1216,0,0,0.5615,1,0
239.98,0,44,0.6109,-0.0112,0,0,0.5607,6,0
327.2,0,31,0.8293,-0.0097,1,0,0.8274,1,0
356.92,0,5,0.4237,0.1167,0,0,0.5525,4,0
1164.67,1,6,0.4586,-0.169,4,0,0.2367,44,1
281.03,0,25,0.3952,0.1187,1,0,0.3826,3,0
348.94,0,12,0.481,-0.099,3,0,0.529,25,1
3115.65,2,37,0.3046,0.0343,0,4,0.7484,4,1
311.09,0,9,0.4304,-0.0655,7,1,0.2751,36,1
275.88,0,36,0.7654,0.0147,3,1,0.4218,8,1
174.87,0,13,0.8235,-0.3905,3,0,0.2218,43,0
357.66,0,11,0.2469,0.0125,2,1,0.7162,5,0
903.23,1,23,0.1918,0.004,0,2,0.4912,0,1
250.92,0,35,0.8828,-0.1885,3,0,0.13,40,1
453.55,0,24,0.51,0.0991,1,0,0.6066,5,0
1456.05,2,21,0.1837,-0.3797,4,1,0.5309,38,1
1582.3,1,21,0.5735,0.0537,0,1,0.6117,2,0
883.09,1,21,0.3848,-0.0722,0,1,0.7903,0,0
2682.1,2,25,0.2386,-0.2629,7,2,0.3204,11,0
2090.08,2,51,0.511,-0.0562,2,0,0.7499,2,0
161.81,0,35,0.5077,0.0671,0,0,0.1866,1,0
847.56,1,26,0.5108,-0.2058,0,0,0.4799,3,0
1000.63,1,45,0.5054,0.0369,3,0,0.4835,4,1
367.44,0,32,0.7389,0.0245,0,0,0.4363,1,0
270.58,0,57,0.6969,-0.2683,6,0,0.5126,20,1
134.62,0,34,0.5511,-0.2869,7,0,0.3129,48,1
518.86,1,13,0.5077,-0.1013,2,0,0.4945,5,1
1825.17,1,34,0.5279,0.0156,0,0,0.4102,5,1
607.19,1,47,0.5594,-0.2766,4,1,0.1387,37,0
477.87,0,13,0.3934,-0.0824,5,0,0.4133,56,0
209.13,0,13,0.6519,0.1061,1,0,0.6922,7,0
272.06,0,36,0.6302,0.0446,1,2,0.3989,0,0
1107.7,1,54,0.3963,-0.122,9,1,0.2199,32,0
1801.11,2,21,0.6733,-0.0076,1,0,0.3876,8,0
4190.18,2,31,0.3931,-0.0034,0,0,0.5711,0,0
2464.46,2,40,0.2356,0.0442,1,0,0.7157,0,0
2820.08,2,40,0.826,0.0599,2,0,0.4997,0,1
2185.42,2,9,0.4128,0.0425,2,0,0.6509,6,0
365.2,0,24,0.6838,-0.3222,7,0,0.5098,57,1
503.94,0,60,0.734,0.003,1,0,0.4541,6,0
276.98,0,54,0.3419,0.0542,1,0,0.3043,4,1
531.28,0,47,0.4201,-0.1437,5,1,0.3928,21,1
234.12,0,2,0.6456,-0.0863,0,0,0.3852,8,0
378.92,0,26,0.579,0.2048,1,1,0.9126,7,0
2848.12,2,4,0.3037,0.0616,1,0,0.5201,2,1
199.51,0,19,0.497,-0.2372,10,2,0.6275,48,1
2586.49,2,52,0.7474,-0.0075,0,3,0.8056,3,0
892.3,1,24,0.5893,0.2611,0,0,0.3021,5,0
660.24,1,11,0.4878,0.028,2,0,0.4157,7,0
1008.81,1,44,0.2581,0.1346,0,0,0.5772,4,0
305.24,0,46,0.7554,-0.3215,4,2,0.3038,50,1
867.67,1,40,0.7868,0.0365,1,0,0.7869,0,0
283.12,0,49,0.9222,0.0085,3,0,0.209,6,1
2325.57,2,43,0.6693,-0.0293,4,0,0.7516,5,0
254.98,0,39,0.4273,0.118,3,2,0.5283,6,0
304.55,0,54,0.3626,-0.1,7,3,0.6344,41,0
710.42,1,20,0.0721,-0.0723,5,0,0.6578,31,0
2255.45,1,28,0.364,0.1104,0,0,0.2335,4,0
177.08,0,34,0.7792,-0.4026,7,1,0.2568,45,1
725.28,1,41,0.3828,-0.2556,7,0,0.3418,42,1
242.95,0,29,0.638,-0.1311,0,0,0.6232,2,1
1817.82,1,27,0.431,-0.012,2,1,0.4761,5,0
182.7,0,10,0.7224,-0.2367,3,1,0.214,17,1
336.62,0,39,0.3142,0.0212,1,0,0.5171,6,0
316.34,0,8,0.6907,-0.2423,3,0,0.0965,47,0
325.92,0,29,0.6973,0.1336,1,1,0.8585,6,0
447.02,0,25,0.339,-0.0593,6,0,0.2086,48,0
443.82,0,47,0.3233,0.263,0,0,0.5077,7,0
247.66,0,29,0.6479,-0.3363,5,0,0.1043,57,0
310.38,0,1,0.8146,-0.0068,1,0,0.9942,8,0
463.49,1,31,0.3886,-0.0892,1,3,0.4792,1,1
300.23,0,13,0.696,-0.1577,3,0,0.2912,9,1
674.06,1,23,0.5644,-0.098,3,0,0.4134,5,1
2248.44,2,18,0.3374,0.1214,2,0,0.3631,4,0
160.77,0,10,0.9537,0.0942,3,2,0.728,1,0
2765.37,2,57,0.5054,-0.0684,2,0,0.9094,0,0
160.15,0,16,0.8527,-0.3754,4,0,0.4887,10,1
305.45,0,31,0.8427,0.1006,0,0,0.6341,2,0
579.37,1,50,0.7779,-0.1833,1,0,0.4158,2,0
661.06,1,22,0.7677,0.1972,2,0,0.3013,4,0
1333.25,1,57,0.1711,-0.4411,7,0,0.4642,43,1
356.26,0,25,0.3569,0.1011,1,0,0.358,3,0
1330.68,1,57,0.1612,-0.0668,4,0,0.2409,24,1
500.59,0,28,0.437,-0.439,4,0,0.0769,11,1
221.27,0,1,0.4598,-0.0019,1,0,0.5703,8,1
490.06,0,53,0.7729,-0.1293,6,0,0.5892,28,0
1436.98,2,52,0.6412,-0.3816,1,0,0.2509,47,1
376.54,0,58,0.8147,0.0943,0,0,0.2399,7,0
748.86,1,8,0.3478,0.1648,0,0,0.6254,6,0
642.66,1,51,0.4406,0.0904,1,0,0.4965,0,0
1103.55,1,21,0.2468,-0.0058,1,0,0.3654,3,1
1238.87,1,51,0.2327,0.0776,1,0,0.7667,5,0
3306.24,2,58,0.5278,-0.1471,2,1,0.5601,7,0
312.65,0,12,0.7317,-0.3265,4,0,0.4096,27,1
303.71,0,23,0.5547,-0.3767,3,0,0.5872,15,1
1070.23,1,17,0.4099,0.0351,2,0,0.5069,3,0
322.53,0,19,0.5155,0.1362,3,0,0.6227,6,0
350.5,0,36,0.5424,-0.0975,3,0,0.4294,34,0
311.46,0,25,0.3788,0.0347,3,0,0.8467,1,0
389.5,0,40,0.2948,0.2032,1,1,0.5889,8,0
164.08,0,41,0.0895,-0.0758,1,0,0.4341,6,0
276.98,0,13,0.2854,-0.3465,5,0,0.0559,10,1
1478.64,2,3,0.736,0.1513,1,0,0.5301,4,1
319.49,0,45,0.2983,-0.0567,4,1,0.6519,53,0
4263.73,2,11,0.4581,-0.0205,2,0,0.5971,8,0
2033.05,2,12,0.2773,0.0543,0,2,0.6898,2,0
303.21,0,37,0.3001,-0.0604,0,0,0.7355,8,1
1159.79,1,16,0.6291,-0.1968,4,0,0.5904,26,1
431.61,1,12,0.204,-0.1798,1,0,0.2058,25,0
741.36,1,19,0.3739,-0.0684,3,2,0.8026,1,1
329.46,0,32,0.242,-0.0033,0,0,0.7586,3,0
105.21,0,51,0.5083,-0.3622,7,0,0.0889,27,1
206.03,0,60,0.4458,0.0853,2,0,0.5182,6,0
1308.35,1,44,0.6542,0.1835,2,0,0.8613,8,0
3409.34,2,54,0.6746,0.2397,2,0,0.5579,5,0
1014.58,1,32,0.8629,-0.0834,1,0,0.5868,6,1
1211.96,1,25,0.3929,-0.0658,2,0,0.4133,8,1
2587.66,2,50,0.5917,-0.2663,3,0,0.103,24,0
1080.97,1,19,0.2896,0.1022,2,2,0.8666,5,1
259.67,0,49,0.422,0.0108,2,0,0.7929,4,1
2499.28,2,60,0.2807,0.1278,0,0,0.679,6,0
232.42,0,24,0.5876,0.0846,1,0,0.6308,7,0
451.29,0,39,0.8439,-0.0652,1,1,0.3523,10,0
1515.9,1,47,0.5781,-0.1625,4,4,0.5561,46,1
3890.11,2,48,0.5964,-0.0925,4,0,0.3992,1,1
251.4,0,13,0.0947,-0.1256,2,0,0.5438,57,0
207.69,0,58,0.7204,-0.0098,2,2,0.7849,0,0
453.42,0,31,0.25,-0.2429,3,0,0.5539,10,1
350.81,0,3,0.8659,-0.1484,5,0,0.7246,53,1
325.34,0,8,0.3809,-0.0153,4,0,0.649,5,0
712.98,1,44,0.5296,-0.1635,10,0,0.5112,28,1
2785.57,2,26,0.6206,-0.0581,3,0,0.5605,0,0
198.35,0,7,0.7262,-0.094,4,0,0.4183,28,0
362.06,0,32,0.7815,0.098,2,0,0.328,2,0
469.89,0,36,0.3955,0.048,1,0,0.6091,6,0
513.24,0,5,0.4946,-0.0587,1,0,0.6992,7,0
1140.48,1,22,0.4198,-0.3007,5,0,0.232,19,1
548.68,1,28,0.2478,0.0932,0,0,0.5376,5,0
953.64,1,47,0.7749,-0.254,0,1,0.2132,27,0
613.25,0,40,0.9145,-0.2776,6,0,0.2886,11,1
656.69,1,6,0.7548,-0.1006,1,4,0.7695,1,1
284.05,0,37,0.6614,-0.2638,3,0,0.4884,29,0
475.62,0,55,0.1793,0.1826,1,0,0.3521,2,0
2978.64,2,4,0.2077,-0.051,2,0,0.2445,16,1
2120.22,1,60,0.5796,-0.0007,2,0,0.1883,4,0
1857.0,2,6,0.7913,0.0369,4,1,0.931,0,0
1697.33,2,38,0.3542,0.1399,0,1,0.5291,0,0
1366.03,1,22,0.8611,-0.0219,1,0,0.7742,1,0
1579.19,2,44,0.2205,-0.0742,6,0,0.3503,56,1
270.7,0,51,0.3253,-0.212,5,0,0.3895,52,0
283.41,0,52,0.6716,-0.1171,2,0,0.7124,6,1
416.75,0,53,0.3617,-0.1,1,0,0.8168,3,0
359.56,0,49,0.1478,0.0217,2,1,0.6285,1,0
340.31,0,19,0.8071,0.1291,0,0,0.967,2,0
251.9,0,28,0.0574,0.0643,2,4,0.4945,3,1
1361.68,1,44,0.657,0.138,3,1,0.1654,0,1
3641.9,1,11,0.5614,-0.1392,0,1,0.6594,7,0
1133.62,1,35,0.7424,-0.3448,6,0,0.7104,59,1
300.3,0,32,0.8829,-0.2536,2,1,0.4314,7,0
565.08,1,60,0.578,-0.3678,2,0,0.05,42,1
232.01,0,3,0.8699,0.1499,2,0,0.4686,7,0
269.1,0,6,0.3765,-0.0018,0,0,0.36,3,0
240.51,0,2,0.4694,-0.1999,1,0,0.6857,7,0
288.37,0,33,0.6888,0.0102,1,0,0.312,8,0
540.33,0,34,0.394,0.1427,2,0,0.2243,4,1
1377.09,1,36,0.5989,0.0724,0,0,0.6773,8,0
841.87,1,15,0.4977,0.2159,2,3,0.6156,8,1
583.08,1,19,0.4687,0.0014,1,0,0.4293,3,0
463.11,0,26,0.5991,0.234,0,0,0.3367,0,0
874.85,1,3,0.8514,-0.1712,2,1,0.2273,6,0
486.36,1,46,0.2876,-0.0449,1,3,0.6541,6,0
372.13,0,4,0.639,-0.0986,1,0,0.4776,7,0
1274.38,1,41,0.3721,0.1046,4,2,0.2722,3,0
124.07,0,28,0.8378,-0.0902,1,0,0.3262,7,0
217.3,0,60,0.6089,0.1316,1,0,0.4221,1,0
279.0,0,42,0.861,0.0996,1,0,0.5757,2,1
1150.9,1,29,0.3476,-0.4068,6,0,0.05,29,1
242.1,0,43,0.1819,0.0196,1,0,0.6101,5,0
216.73,0,8,0.2932,-0.0745,1,0,0.7838,1,0
374.05,0,11,0.9229,0.0909,2,0,0.5632,3,0
2037.16,2,30,0.5603,-0.0202,2,0,0.2984,1,1
350.58,0,52,0.518,0.107,1,0,0.6915,2,1
196.54,0,50,0.3925,0.18,1,0,0.2423,2,0
180.65,0,23,0.7464,-0.0007,0,0,0.5051,5,0
3126.18,2,18,0.28,-0.1465,9,2,0.1191,58,1
972.24,1,58,0.4682,0.0492,1,0,0.8306,0,0
3314.57,2,34,0.5974,0.0899,1,0,0.1601,1,1
240.68,0,8,0.7375,-0.102,0,0,0.6866,1,0
219.55,0,14,0.5159,-0.0385,0,0,0.3623,1,0
1432.92,1,51,0.7684,-0.0396,1,0,0.3092,0,0
170.18,0,54,0.2353,0.1648,1,1,0.9311,5,0
1379.16,1,55,0.3701,-0.0049,0,0,0.7127,8,1
3810.06,2,1,0.7646,-0.1871,3,0,0.2919,18,1
391.86,0,50,0.4615,-0.1637,4,0,0.3515,48,1
1886.52,2,7,0.7561,-0.0055,1,0,0.4012,7,0
668.77,1,49,0.4285,-0.117,0,0,0.5926,7,0
269.44,0,53,0.5716,-0.1607,1,0,0.7458,8,0
184.31,0,22,0.1852,-0.1559,4,0,0.3709,59,1
207.12,0,12,0.7376,0.0021,0,0,0.8112,2,1
1115.3,1,43,0.5518,-0.1168,6,0,0.2191,42,0
364.0,0,5,0.1806,-0.316,6,0,0.5089,44,0
200.84,0,35,0.4712,-0.1722,2,1,0.6138,46,0
1127.62,1,20,0.3018,-0.4342,8,0,0.2325,40,1
339.98,0,26,0.9009,0.0285,3,0,0.2621,6,1
491.93,0,50,0.3718,0.032,2,0,0.6286,6,0
1086.18,1,60,0.1287,-0.4194,9,0,0.3428,35,1
420.05,0,25,0.7643,0.0507,1,0,0.351,6,0
342.7,0,18,0.7129,0.0904,1,0,0.6041,5,0
408.65,0,51,0.4355,-0.0554,4,0,0.055,33,1
184.82,0,25,0.4679,0.0354,1,0,0.8632,5,0
277.9,0,12,0.5951,-0.1614,4,0,0.4754,24,1
877.94,1,55,0.6061,0.0609,1,0,0.432,3,0
2203.74,2,60,0.4099,-0.2015,1,0,0.2409,2,0
338.74,0,18,0.5571,-0.302,2,0,0.1498,58,0
2996.67,2,10,0.6964,-0.182,3,1,0.4392,3,1
1020.97,1,10,0.1483,0.0513,4,0,0.2778,6,0
836.55,1,36,0.2261,-0.2476,3,0,0.1058,59,1
687.95,1,19,0.3384,0.1525,1,0,0.685,6,0
1306.67,1,38,0.3099,0.0336,0,0,0.7621,2,0
1005.89,1,46,0.8948,0.0249,2,1,0.6318,4,1
203.03,0,1,0.2042,0.0653,2,0,0.4827,3,0
831.67,1,52,0.6998,-0.0617,2,0,0.8048,0,1
157.55,0,2,0.1653,0.1369,0,0,0.6083,3,0
293.61,0,7,0.3196,-0.4107,8,0,0.5362,51,1
830.3,1,44,0.6284,-0.0303,2,0,0.6664,3,0
237.18,0,38,0.761,-0.3646,6,0,0.3654,57,1
504.97,0,59,0.2072,-0.0174,0,0,0.8926,4,0
193.49,0,35,0.601,-0.2602,4,0,0.2174,37,1
371.34,0,26,0.1038,-0.4312,5,0,0.4201,34,1
1913.27,1,41,0.2283,-0.0257,1,0,0.3903,4,1
1297.59,1,46,0.6867,-0.218,5,0,0.155,18,1
286.82,0,41,0.8855,-0.0002,1,0,0.8011,7,0
194.99,0,23,0.7745,-0.3976,2,1,0.1715,27,1
180.04,0,58,0.7784,0.0688,1,0,0.456,7,0
251.1,0,19,0.5391,0.0231,0,0,0.2878,1,0
699.78,1,21,0.3702,0.0602,1,0,0.747,7,0
691.86,1,17,0.8274,0.0449,1,1,0.6684,8,0
258.7,0,18,0.5531,0.0005,3,0,0.4049,5,0
279.81,0,13,0.343,-0.2513,6,0,0.2981,18,1
2844.23,2,35,0.169,-0.3897,5,0,0.05,48,1
577.09,1,44,0.3561,-0.375,2,1,0.1346,24,1
228.4,0,26,0.4665,-0.0887,9,0,0.05,19,1
274.24,0,56,0.4093,-0.3985,4,0,0.3598,42,1
270.82,0,29,0.7127,-0.0434,2,0,0.4622,1,1
4564.08,2,29,0.2011,-0.3755,3,0,0.7004,57,0
314.56,0,5,0.504,0.0925,0,0,0.6856,5,1
164.86,0,55,0.0837,-0.1184,1,0,0.2328,4,0
2778.28,2,9,0.3163,0.0423,3,0,0.6308,8,0
1077.29,1,10,0.8517,-0.1081,2,0,0.8145,2,0
277.57,0,57,0.2873,-0.1854,4,3,0.1647,45,1
189.65,0,32,0.6252,-0.0267,1,0,0.6321,3,0
536.57,0,5,0.1592,-0.0604,1,1,0.5519,8,0
612.02,1,27,0.335,-0.151,2,0,0.4139,7,0
365.46,0,36,0.4838,0.0108,1,0,0.4095,3,0
2574.07,2,1,0.7424,-0.0958,1,0,0.5098,6,0
2961.67,2,46,0.596,-0.1284,2,0,0.5964,3,1
1617.48,1,41,0.524,0.0386,2,0,0.6128,8,0
1083.33,1,1,0.2338,0.1169,0,0,0.7686,7,1
238.5,0,38,0.4487,0.0594,3,0,0.6608,2,1
427.08,0,14,0.4892,-0.1231,2,0,0.7629,5,0
713.61,1,45,0.4567,0.0063,1,0,0.6841,1,0
307.09,0,23,0.7657,-0.1918,6,0,0.4472,46,0
184.44,0,13,0.251,0.0064,2,0,0.6796,5,0
201.99,0,31,0.2129,0.0526,1,1,0.6848,0,0
295.26,0,27,0.469,-0.4315,5,0,0.5079,19,0
329.87,0,21,0.6413,-0.2141,5,0,0.2188,13,0
490.48,1,53,0.625,-0.046,1,0,0.7506,7,0
1059.2,1,39,0.7168,-0.4139,3,0,0.6996,29,0
668.09,1,30,0.8044,-0.1507,8,1,0.2553,23,0
1392.86,1,14,0.326,-0.0355,1,0,0.3596,8,0
256.39,0,35,0.2368,0.0955,2,0,0.3975,6,0
600.61,1,2,0.7594,-0.0807,5,0,0.4781,22,0
913.93,1,54,0.4299,0.0029,2,2,0.3719,2,1
210.44,0,1,0.4411,-0.1344,4,0,0.05,17,1
3741.92,2,42,0.5919,-0.2416,5,1,0.2301,38,1
290.05,0,21,0.556,-0.2001,7,0,0.6277,51,1
275.01,0,44,0.9441,-0.0456,2,0,0.2445,0,0
356.74,0,22,0.6086,0.082,1,0,0.9234,8,0
204.01,0,2,0.1993,-0.2365,2,1,0.5724,46,1
184.69,0,57,0.8942,-0.0384,1,0,0.813,1,0
1026.74,1,46,0.716,-0.0719,5,0,0.4185,25,1
1633.27,2,3,0.5012,-0.3874,5,1,0.2167,10,0
197.33,0,2,0.6494,-0.1398,3,2,0.5916,47,1
1192.83,1,32,0.4257,-0.2048,1,3,0.2034,3,1
348.51,0,58,0.6621,-0.0507,1,2,0.4822,3,0
573.86,1,35,0.2724,0.0121,3,0,0.4231,4,0
233.5,0,1,0.437,-0.1576,5,0,0.222,36,0
211.36,0,42,0.3647,0.0439,1,0,0.7446,0,0
1657.28,1,26,0.6094,0.0151,1,0,0.7213,1,0
1222.1,1,39,0.5114,-0.0684,2,2,0.311,11,0
768.1,1,22,0.1749,0.2215,1,0,0.8962,7,1
1088.86,1,1,0.562,0.0207,4,0,0.5246,0,0
553.66,1,2,0.1706,0.01,2,2,0.2659,7,0
229.17,0,38,0.6342,0.004,1,0,0.7227,8,0
300.84,0,39,0.6335,-0.3475,7,0,0.3232,32,0
339.73,0,20,0.281,0.0576,3,0,0.7058,5,0
280.27,0,5,0.1534,0.1472,0,1,0.5148,5,1
316.3,0,47,0.6217,-0.229,1,0,0.9249,8,0
298.06,0,10,0.6915,-0.3578,8,0,0.516,10,1
273.86,0,12,0.3107,0.1689,1,0,0.5174,6,0
802.37,1,28,0.0361,0.0593,0,0,0.3357,7,0
249.81,0,43,0.6088,0.0614,1,0,0.6638,8,0
965.26,1,60,0.2267,-0.1401,1,0,0.5021,0,1
1027.63,1,38,0.1543,0.0902,3,0,0.7197,3,1
310.85,0,58,0.3753,0.1209,0,0,0.1204,7,0
191.98,0,40,0.4151,-0.2697,2,0,0.399,36,1
627.41,1,51,0.1111,-0.0456,2,0,0.4818,2,0
1023.34,1,11,0.7383,0.0643,1,0,0.5731,8,0
485.4,0,4,0.4706,-0.0838,2,0,0.9438,4,0
305.89,0,41,0.3149,-0.3177,6,1,0.3541,55,1
770.58,1,59,0.5122,-0.1109,6,0,0.5179,36,1
962.7,1,45,0.57,0.1296,0,0,0.5753,7,0
194.8,0,21,0.1054,-0.0543,1,1,0.5133,2,1
458.52,0,30,0.3794,-0.0965,2,0,0.618,8,0
2561.97,2,7,0.5492,-0.2639,7,2,0.6356,53,1
229.42,0,21,0.5283,0.0398,1,0,0.4007,6,0
2263.9,2,41,0.3329,-0.3691,6,0,0.1778,56,0
241.15,0,10,0.5537,0.1484,1,0,0.8743,0,0
1408.54,1,29,0.3305,-0.0265,1,0,0.3442,7,0
270.18,0,18,0.453,0.0566,1,0,0.6266,7,1
306.21,0,30,0.6313,-0.0543,2,0,0.5176,7,0
2933.73,2,46,0.424,-0.0812,7,0,0.3328,57,1
223.77,0,54,0.6461,0.0866,0,0,0.9592,1,0
2568.36,2,25,0.1238,-0.1478,2,0,0.4371,8,1
319.24,0,50,0.5671,-0.048,2,0,0.6197,7,1
1393.11,2,43,0.5012,0.0043,0,0,0.3327,7,0
2621.93,2,56,0.5752,-0.0325,2,1,0.2476,4,0
875.86,1,45,0.6782,0.1072,2,3,0.2595,2,0
303.5,0,34,0.1073,-0.0682,7,0,0.6794,35,1
901.17,1,41,0.6057,0.0915,0,0,0.2562,5,0
974.51,1,20,0.7675,-0.2269,2,0,0.1154,37,0
3832.58,2,41,0.4656,-0.4021,3,0,0.05,42,1
191.92,0,43,0.6958,-0.1951,3,0,0.3046,20,0
257.27,0,37,0.4395,-0.1338,2,0,0.5133,2,0
366.21,0,7,0.2266,0.0138,2,0,0.8118,0,0
1053.15,1,32,0.7529,-0.0574,0,0,0.8616,6,0
2818.66,2,43,0.3833,-0.3226,7,0,0.05,11,0
760.24,0,12,0.6324,-0.0269,1,0,0.7751,2,0
1103.42,1,48,0.8168,-0.0588,3,0,0.05,45,0
3565.47,2,51,0.6681,0.0209,1,0,0.6172,4,0
260.45,0,33,0.6443,-0.2588,5,0,0.3833,18,1
204.87,0,58,0.5744,0.0378,1,3,0.8809,8,0
797.28,1,52,0.4281,0.0773,1,0,0.6894,2,1
1141.85,1,28,0.6348,-0.1059,1,1,0.1239,4,0
334.38,0,54,0.1846,0.0709,2,0,0.4393,3,1
1024.91,1,56,0.2905,-0.1313,2,0,0.4395,0,1
825.67,1,7,0.4888,-0.2594,2,0,0.7421,5,0
2105.68,2,60,0.513,0.2172,0,2,0.3644,4,0
2253.58,2,1,0.7055,-0.439,4,0,0.2981,27,1
1146.87,1,30,0.4119,-0.0248,3,0,0.6176,2,0
1194.49,1,57,0.6015,-0.1664,1,0,0.6394,2,0
203.91,0,44,0.5769,-0.0254,2,0,0.252,7,0
1162.17,1,17,0.5607,0.0407,1,0,0.766,4,0
230.93,0,39,0.8442,0.0443,0,1,0.3476,7,0
1048.74,1,13,0.8934,-0.1007,1,0,0.4615,1,0
271.16,0,15,0.4951,-0.3544,3,2,0.5387,9,1
1539.55,1,55,0.4818,0.0569,0,0,0.7252,6,1
250.52,0,3,0.7732,0.0439,1,0,0.6976,6,1
308.71,0,58,0.7683,-0.4167,7,0,0.5901,25,0
358.59,0,28,0.5366,-0.4083,7,0,0.4328,24,1
655.46,1,4,0.4444,0.0091,2,2,0.4506,7,0
867.59,1,48,0.8194,-0.1457,1,0,0.1613,36,1
264.17,0,3,0.2276,-0.0093,2,0,0.2304,2,1
2004.98,2,20,0.6807,-0.316,6,0,0.4911,27,1
2057.65,2,15,0.6586,-0.1392,2,0,0.3551,51,0
427.98,0,48,0.3527,-0.1439,4,2,0.3199,6,0
721.79,1,24,0.3301,-0.1766,7,0,0.4293,36,1
353.58,0,40,0.1872,-0.2909,6,0,0.399,37,1
323.76,0,5,0.3416,-0.0809,0,0,0.3608,8,0
545.81,1,42,0.2849,-0.0224,2,0,0.8708,3,0
347.79,0,43,0.1827,0.0362,0,0,0.9527,8,0
1463.37,2,18,0.5407,-0.1365,0,0,0.6288,0,0
2990.08,2,53,0.4652,0.0227,3,1,0.0955,0,1
745.24,1,29,0.7766,-0.0018,3,0,0.701,3,0
892.61,1,41,0.4527,0.1238,4,2,0.5143,6,1
565.79,1,11,0.7436,-0.0434,1,0,0.5521,1,0
2505.03,2,56,0.5018,-0.3764,6,0,0.05,48,0
401.14,0,15,0.6986,0.0587,2,0,0.6057,1,0
218.64,0,38,0.6317,0.0167,2,0,0.5308,1,0
719.61,1,6,0.3689,0.1474,3,0,0.5812,7,0
340.02,0,3,0.5372,-0.18,2,0,0.1339,13,0
343.01,0,8,0.3341,-0.1084,6,0,0.6646,41,0
123.71,0,57,0.0839,-0.1037,6,0,0.5869,41,1
1801.93,1,13,0.2934,-0.377,4,1,0.4121,39,1
348.93,0,53,0.4935,-0.1223,2,0,0.7705,3,0
370.11,0,35,0.7853,-0.1101,0,0,0.7485,1,0
275.79,0,6,0.4443,-0.3902,4,0,0.2629,10,1
151.49,0,27,0.7175,0.0772,3,0,0.8945,8,1
3039.28,2,29,0.5241,-0.0658,1,0,0.8662,4,0
237.95,0,17,0.4989,-0.4022,6,0,0.4625,17,0
1076.64,1,37,0.4465,-0.1733,6,1,0.0946,33,1
824.39,1,52,0.6949,0.082,0,0,0.6532,5,0
315.2,0,54,0.5066,-0.0596,2,3,0.6489,0,0
678.56,1,32,0.2518,0.1981,3,0,0.8018,0,0
1204.43,1,54,0.8843,-0.1698,8,0,0.1335,15,0
587.15,1,56,0.2259,-0.0085,0,0,0.6921,4,0
636.4,0,6,0.2932,-0.1609,1,0,0.3859,7,1
634.71,0,39,0.5922,0.2283,5,0,0.1378,0,0
4249.98,2,47,0.3811,-0.0418,1,0,0.173,5,1
1390.81,1,1,0.8182,-0.3501,4,0,0.05,22,1
2330.02,2,37,0.5908,0.0205,0,0,0.5871,1,0
3610.19,2,55,0.4614,-0.0351,2,0,0.7157,7,1
280.4,0,17,0.583,-0.2028,1,0,0.5206,2,0
516.71,1,52,0.1573,-0.1763,3,4,0.5969,13,1
490.78,0,57,0.9381,-0.0072,1,0,0.5163,3,0
1321.22,1,39,0.5839,0.0519,0,0,0.6783,3,0
286.84,0,38,0.1933,-0.2107,2,0,0.5552,32,1
188.87,0,33,0.6684,0.0844,3,0,0.7357,2,0
724.91,1,25,0.4681,-0.2685,5,0,0.4787,14,0
470.51,1,28,0.3642,-0.0791,5,0,0.6259,13,0
1238.93,1,32,0.1967,-0.3738,5,0,0.05,45,1
165.46,0,29,0.1176,-0.0079,5,0,0.3719,3,0
320.62,0,50,0.2547,-0.0534,3,0,0.4777,4,0
1786.35,2,47,0.3474,0.015,2,0,0.6026,8,1
176.01,0,21,0.3548,-0.0294,1,0,0.6048,1,1
315.23,0,31,0.4309,-0.4409,6,0,0.3456,34,1
791.87,1,13,0.7085,0.1467,1,0,0.3713,1,0
388.87,0,11,0.2873,0.0059,0,0,0.7241,5,0
571.1,1,23,0.5455,-0.013,0,1,0.4845,0,1
222.48,0,4,0.1862,-0.0905,0,0,0.2257,7,1
385.89,1,52,0.5393,-0.1949,3,0,0.4219,56,1
1117.34,2,8,0.4495,-0.0663,3,0,0.5113,1,0
4503.42,2,20,0.2139,-0.0994,1,0,0.8254,0,0
1845.45,1,16,0.3338,0.0363,1,0,0.1865,3,0
299.57,0,13,0.7423,-0.0269,2,1,0.6846,4,0
667.06,1,23,0.7222,-0.1562,4,0,0.1644,31,1
801.72,1,44,0.4427,-0.016,2,0,0.3498,7,0
1208.3,1,54,0.242,0.0315,1,0,0.4164,0,0
743.36,1,12,0.6776,-0.1895,3,0,0.4864,12,1
967.19,1,15,0.4663,-0.2633,7,0,0.6761,37,1
886.04,1,29,0.7598,-0.0641,0,1,0.5075,4,1
729.34,1,20,0.4803,0.1099,1,0,0.3144,5,0
241.22,0,48,0.1781,-0.098,0,0,0.779,0,1
321.35,0,14,0.445,0.0242,3,0,0.7171,3,0
632.27,1,25,0.3484,-0.1005,1,0,0.389,8,0
339.67,0,33,0.6082,0.0079,1,3,0.4512,1,1
2034.84,2,23,0.0836,-0.1966,5,0,0.3313,22,0
930.57,1,38,0.7128,-0.0888,5,0,0.3699,23,0
470.72,0,48,0.5692,-0.2958,7,0,0.4331,50,1
839.12,1,32,0.5746,-0.0103,1,0,0.338,4,1
1228.01,1,28,0.031,0.1109,1,0,0.7367,4,0
475.33,1,58,0.6848,-0.0492,0,0,0.5426,0,0
245.98,0,59,0.4596,-0.0258,3,0,0.9311,4,0
2423.37,2,60,0.4288,0.033,3,0,0.2339,1,0
568.53,0,1,0.5549,0.105,0,0,0.6996,2,1
448.2,1,51,0.4033,-0.1872,4,0,0.3818,44,1
280.4,0,54,0.5396,0.0895,1,0,0.6591,1,0
1481.87,1,49,0.707,0.0431,0,0,0.2698,5,0
676.18,1,45,0.3332,0.0537,3,0,0.5861,0,1
826.11,1,22,0.6003,-0.1917,5,0,0.3217,41,0
325.7,0,44,0.9073,-0.2187,5,0,0.4089,55,0
949.37,1,35,0.6203,0.0106,1,0,0.296,3,0
1539.54,1,50,0.4832,0.0537,1,0,0.4776,4,0
339.29,0,22,0.7924,-0.0607,3,0,0.8138,1,0
3819.77,2,45,0.5743,-0.1092,3,0,0.9032,5,0
784.63,1,48,0.6318,-0.1933,2,0,0.5463,8,0
1852.03,2,51,0.4521,-0.1125,4,1,0.1268,9,0
2217.69,2,11,0.3241,0.1144,2,0,0.3173,5,0
1599.65,2,52,0.4562,-0.181,0,0,0.1361,2,0
1054.11,1,14,0.7862,0.0276,3,0,0.3448,3,0
777.56,1,57,0.4928,-0.0177,0,0,0.7194,4,0
229.24,0,3,0.5341,0.1417,0,0,0.6387,7,0
1059.71,1,14,0.4413,-0.0869,4,0,0.609,42,0
596.41,1,37,0.5906,-0.2354,5,0,0.05,45,1
1165.49,1,33,0.7354,-0.0225,0,1,0.733,1,0
2030.03,2,42,0.4944,-0.0487,1,0,0.2504,6,0
435.1,0,25,0.3085,0.0967,1,0,0.8119,7,0
252.76,0,1,0.83,0.1278,2,1,0.7946,4,0
1110.3,1,38,0.2133,-0.4188,7,0,0.2557,53,1
308.81,0,31,0.5575,0.1342,1,0,0.6468,4,0
376.25,0,31,0.9033,-0.0775,2,0,0.8361,4,0
301.38,0,23,0.297,-0.2132,1,0,0.8927,7,0
497.22,1,54,0.5001,0.0211,1,0,0.2959,7,0
412.8,0,48,0.438,0.0707,2,0,0.4588,1,0
281.24,0,11,0.4116,-0.1316,0,1,0.6794,0,0
382.3,0,3,0.1853,-0.3177,2,1,0.05,47,1
369.25,0,11,0.1221,-0.0295,0,2,0.6912,3,0
221.24,0,3,0.5257,-0.0429,1,1,0.2724,8,1
646.16,1,43,0.5103,0.157,5,0,0.2983,1,0
1119.45,1,38,0.484,-0.4269,4,0,0.4821,54,1
260.8,0,28,0.2108,-0.2547,4,0,0.5678,9,0
1235.18,1,36,0.5096,0.041,1,0,0.9332,3,0
272.47,0,49,0.2533,0.1769,3,0,0.514,7,0
414.92,0,50,0.0433,-0.0692,0,4,0.8279,6,1
2783.27,2,27,0.4304,0.0112,0,0,0.8203,1,0
984.38,1,36,0.4845,-0.1369,1,0,0.8464,1,0
2105.52,2,35,0.6763,0.1011,1,1,0.7044,3,0
314.58,0,57,0.3995,0.1314,1,1,0.3783,8,1
440.27,0,46,0.5937,0.1073,1,0,0.5609,4,0
284.55,0,19,0.5148,-0.1975,8,0,0.2358,16,0
349.25,0,54,0.6535,-0.1289,0,4,0.6397,5,0
2439.26,2,24,0.2292,0.0114,1,0,0.4758,7,1
302.93,0,46,0.8344,-0.0666,4,0,0.05,28,1
4387.07,2,59,0.363,-0.2969,7,0,0.3039,36,1
3654.92,2,49,0.1646,-0.0227,0,0,0.5676,3,0
915.08,1,7,0.418,-0.0248,2,0,0.3907,5,0
312.6,0,13,0.6599,0.2374,0,1,0.8038,3,0
696.15,1,48,0.5116,0.0999,1,0,0.431,3,1
272.96,0,8,0.5001,0.1276,0,1,0.5078,5,0
991.79,1,1,0.162,-0.0312,4,4,0.538,1,1
390.57,0,16,0.6147,-0.09,0,0,0.3872,4,1
3119.57,2,30,0.1199,0.1267,1,0,0.4373,4,0
603.64,1,8,0.0548,0.1692,2,0,0.7147,8,0
1252.84,1,10,0.1284,-0.1086,1,0,0.4859,8,1
862.77,1,21,0.1425,-0.3932,3,0,0.5766,29,0
630.03,1,36,0.4964,-0.0714,2,0,0.5861,0,1
3831.3,2,33,0.5256,0.0681,0,0,0.7992,7,0
483.97,0,48,0.1288,-0.1578,10,0,0.3891,52,1
2632.1,2,59,0.6719,-0.0168,1,0,0.6326,2,0
1140.59,1,2,0.1944,-0.1632,5,3,0.4358,38,1
3139.54,2,42,0.1844,-0.4383,7,2,0.2423,55,1
472.67,0,10,0.9044,-0.0754,0,0,0.6072,6,0
1148.31,1,22,0.2799,0.1707,0,2,0.9176,3,0
182.22,0,21,0.5322,-0.0674,5,0,0.1377,14,0
1798.4,1,43,0.4944,-0.271,5,1,0.1382,21,1
421.1,0,16,0.6884,-0.3461,5,0,0.5975,18,1
242.63,0,54,0.4518,-0.0073,0,0,0.6595,0,1
202.25,0,23,0.351,0.0219,1,0,0.4992,1,0
346.04,0,49,0.8945,0.0524,1,0,0.6816,1,0
263.09,0,58,0.2047,0.1576,0,1,0.5846,4,0
998.97,1,31,0.4094,-0.0473,3,0,0.606,6,0
376.18,0,7,0.7261,-0.1264,4,0,0.1652,48,0
729.94,1,43,0.496,-0.2253,4,0,0.05,28,0
196.22,0,26,0.157,-0.1768,1,1,0.8518,1,1
1018.67,1,21,0.4462,0.112,2,0,0.6746,6,0
738.44,1,28,0.6768,0.1947,2,0,0.2459,1,0
305.21,0,18,0.4242,0.0965,1,0,0.855,5,0
556.16,1,17,0.1972,0.043,0,3,0.5617,5,0
2197.25,2,60,0.7603,-0.1538,3,1,0.7031,24,1
1143.05,1,17,0.2052,0.0659,1,0,0.5577,0,1
358.51,0,28,0.7234,0.1003,4,1,0.5711,2,0
220.07,0,43,0.7128,-0.4471,5,0,0.3131,48,1
591.3,1,14,0.3215,0.0494,3,0,0.5957,4,0
291.6,0,38,0.0907,-0.1233,10,1,0.1164,22,1
1083.1,1,54,0.7674,0.1033,2,0,0.794,7,0
334.18,0,49,0.0783,-0.2428,4,0,0.0898,52,0
743.94,1,2,0.3422,0.0619,5,1,0.4595,3,0
321.86,0,25,0.0554,-0.0653,0,1,0.5391,0,0
490.64,0,1,0.1943,0.071,2,0,0.5528,5,0
2578.66,2,37,0.1515,-0.4449,5,0,0.05,32,0
1355.09,2,20,0.861,-0.4358,8,1,0.4034,39,1
2576.9,2,54,0.3436,0.1374,2,0,0.9196,0,0
4907.94,2,11,0.4938,0.1102,2,0,0.5933,0,0
184.8,0,52,0.3795,-0.2126,1,0,0.7515,8,0
293.03,0,21,0.868,-0.2788,3,1,0.4054,30,1
267.91,0,56,0.0878,0.0648,2,0,0.3713,7,0
920.37,1,12,0.4794,-0.1889,2,0,0.1396,0,0
310.4,0,17,0.6595,-0.0084,1,0,0.3819,7,0
3576.77,2,22,0.8082,-0.3333,6,0,0.05,33,1
298.73,0,60,0.5211,-0.203,3,0,0.1091,51,0
453.47,0,45,0.1545,-0.1563,5,0,0.4178,53,1
278.3,0,49,0.6746,0.1537,0,0,0.4111,8,0
256.55,0,34,0.2528,-0.4398,0,0,0.0964,35,1
229.45,0,48,0.0473,0.0471,1,3,0.9151,7,0
471.18,1,38,0.4025,0.1364,1,0,0.4725,1,1
319.39,0,41,0.7578,0.0173,1,4,0.5003,3,0
1826.44,1,51,0.225,0.1609,2,0,0.4528,4,0
2817.5,2,59,0.7619,-0.0227,3,0,0.2044,7,0
1131.82,1,35,0.7837,-0.4277,6,0,0.2799,41,1
770.21,1,27,0.7665,-0.3182,7,0,0.4765,51,1
266.23,0,40,0.6795,-0.0182,1,0,0.6434,3,0
409.32,0,45,0.7712,-0.0372,1,0,0.7196,7,1
585.77,0,60,0.7274,0.002,1,0,0.6389,7,1
4040.02,2,42,0.4726,-0.0592,1,0,0.8772,5,0
1179.75,1,58,0.8423,-0.1507,4,0,0.3971,54,1
293.59,0,44,0.6879,-0.3405,8,0,0.2646,11,1
312.09,0,58,0.9036,0.0617,3,0,0.4668,8,0
683.68,1,46,0.4117,-0.0799,3,0,0.6351,5,1
536.12,1,54,0.5929,-0.1042,4,0,0.6529,1,0
599.95,1,12,0.5135,-0.3034,5,0,0.6056,24,1
2442.2,2,60,0.3465,0.0406,2,0,0.4228,4,1
803.54,1,21,0.592,0.0869,2,0,0.24,1,0
532.15,1,48,0.4598,0.0951,1,0,0.6417,3,0
286.24,0,24,0.1293,0.0414,1,0,0.8348,6,0
259.42,0,28,0.6403,0.0736,1,1,0.4786,8,0
1591.97,2,45,0.3227,0.0145,2,0,0.4298,3,0
781.85,1,33,0.489,-0.3933,7,0,0.05,15,1
259.19,0,43,0.5238,-0.3174,9,1,0.4692,21,0
717.23,1,5,0.6484,-0.361,4,0,0.389,10,1
401.1,0,51,0.3298,-0.0876,1,0,0.5297,0,0
457.24,1,25,0.3816,0.1552,1,1,0.3089,3,1
144.73,0,48,0.7766,0.0325,1,0,0.82,1,0
891.02,1,18,0.4275,0.1252,0,0,0.8928,7,0
920.45,1,36,0.6845,-0.0705,5,0,0.5894,55,1
334.07,0,36,0.2208,-0.0206,0,0,0.2236,7,0
240.14,0,9,0.4807,-0.2732,6,0,0.2769,53,0
645.45,1,29,0.0454,-0.408,2,0,0.5625,10,1
289.26,0,39,0.8523,-0.0414,2,0,0.8547,6,0
248.47,0,51,0.4878,-0.2048,6,0,0.2061,42,0
1531.64,1,54,0.8576,0.2156,2,0,0.4404,0,0
258.89,0,24,0.6822,0.0866,1,0,0.8512,5,0
284.65,0,39,0.188,0.0854,1,4,0.6642,0,0
689.71,0,11,0.874,-0.1002,2,0,0.5949,0,0
2241.85,2,54,0.1387,-0.1658,1,1,0.5936,7,1
352.32,0,53,0.6635,0.1171,2,0,0.516,5,0
363.61,0,60,0.523,-0.204,0,0,0.4668,7,1
374.6,0,30,0.4824,-0.0302,0,0,0.592,8,1
320.92,0,22,0.2615,-0.0612,3,0,0.4109,5,0
310.36,0,46,0.91,-0.0725,2,0,0.62,0,0
300.36,0,44,0.8257,-0.0241,2,0,0.7137,2,1
237.05,0,13,0.6562,-0.0856,2,0,0.6886,7,0
325.0,0,33,0.8273,-0.1685,2,0,0.5458,27,0
4881.71,2,39,0.0348,0.0455,1,0,0.4468,5,0
443.02,0,28,0.6116,0.1266,2,0,0.678,3,0
322.55,0,23,0.693,-0.3787,8,0,0.05,44,1
3238.17,2,15,0.3749,0.0396,0,0,0.264,7,1
1770.49,2,25,0.307,0.0741,0,0,0.4041,3,0
812.44,1,15,0.1604,0.0647,1,1,0.9111,4,1
404.09,0,19,0.176,-0.3223,5,0,0.5894,44,1
488.04,0,12,0.5974,-0.0397,1,1,0.4369,7,0
221.42,0,23,0.4118,0.0959,1,0,0.7951,7,0
244.84,0,38,0.6829,0.0535,1,2,0.9679,6,0
622.26,0,23,0.419,-0.1694,1,0,0.6973,1,0
920.5,1,9,0.3708,-0.0021,0,0,0.1825,8,0
548.98,0,49,0.302,0.0255,3,1,0.4445,6,0
956.83,1,26,0.6159,-0.0894,1,1,0.5196,6,0
316.1,0,36,0.5795,-0.2025,5,1,0.3316,51,1
260.59,0,32,0.3519,-0.1221,5,0,0.4347,45,1
1237.83,1,31,0.5032,-0.2525,8,0,0.4576,36,1
3860.09,2,27,0.8992,0.0433,0,0,0.6689,1,0
201.87,0,46,0.2749,-0.079,1,0,0.3769,7,0
786.71,1,52,0.8756,-0.1037,3,0,0.4529,2,0
399.48,0,55,0.7226,-0.4093,6,0,0.4849,52,1
277.14,0,27,0.5722,0.1374,1,0,0.6416,2,0
748.85,1,21,0.4869,-0.0984,0,0,0.5895,4,0
412.91,0,5,0.925,0.1153,0,0,0.1868,1,0
426.7,0,27,0.7135,-0.4199,6,1,0.6974,51,0
247.77,0,60,0.538,-0.2834,5,0,0.4424,13,1
312.38,0,16,0.7948,-0.1235,1,1,0.2885,8,0
189.98,0,51,0.5511,0.0808,1,2,0.6375,2,0
211.97,0,46,0.2819,-0.2105,10,0,0.05,49,0
2506.6,2,40,0.2098,-0.0419,2,1,0.6571,4,0
899.84,1,34,0.549,0.0119,0,0,0.5438,1,0
206.74,0,46,0.6004,0.0648,2,0,0.5011,8,0
225.72,0,6,0.9086,-0.2154,12,0,0.5051,51,1
613.06,1,8,0.6815,0.1769,1,0,0.4067,2,0
340.07,0,12,0.8208,-0.2844,6,0,0.413,38,1
447.0,1,46,0.681,0.0299,1,0,0.535,5,0
624.64,1,26,0.6475,0.0653,0,0,0.6815,8,1
151.09,0,13,0.1032,-0.3409,2,1,0.4908,56,1
335.81,0,3,0.5383,-0.3897,3,1,0.2905,19,0
154.3,0,30,0.3158,-0.0234,0,0,0.7939,8,0
293.24,0,24,0.7024,-0.0647,6,1,0.1806,42,1
514.77,0,11,0.4655,-0.4278,4,0,0.2851,29,0
4311.0,2,2,0.5943,0.0122,1,1,0.4255,4,0
154.13,0,46,0.6422,-0.232,7,0,0.4882,42,1
987.98,1,47,0.3478,0.1175,0,2,0.5673,0,0
629.6,1,15,0.586,0.077,1,0,0.6315,2,0
191.0,0,30,0.4176,-0.4334,5,0,0.2211,18,0
278.71,0,16,0.5971,0.0121,3,1,0.7138,8,0
445.76,0,25,0.3636,-0.4008,3,0,0.6536,27,0
1097.84,1,7,0.2392,0.2389,0,0,0.5414,7,0
225.78,0,57,0.3239,-0.3703,3,0,0.3002,9,1
1139.09,1,44,0.2846,0.0582,1,0,0.4864,4,0
1094.36,2,55,0.32,-0.1169,1,0,0.6087,0,0
683.82,1,18,0.7093,-0.0644,2,0,0.6017,5,0
1798.78,2,53,0.7687,-0.4088,4,0,0.589,34,0
914.73,1,32,0.3657,-0.3292,8,0,0.05,59,1
2235.53,2,12,0.7225,-0.0737,3,0,0.6634,6,0
847.0,1,20,0.5032,0.0842,1,0,0.518,7,0
837.21,1,49,0.3142,0.032,2,0,0.5644,3,0
897.01,1,47,0.4334,-0.2872,3,0,0.05,48,0
2899.43,2,44,0.4869,-0.0016,1,0,0.6178,3,0
305.56,0,14,0.7872,-0.3451,6,0,0.4409,23,0
805.69,1,39,0.5857,-0.0774,0,1,0.8808,0,0
1024.37,1,57,0.1909,0.0812,2,0,0.274,6,0
3204.68,2,3,0.6181,-0.1734,6,0,0.05,49,1
238.72,0,20,0.1333,-0.0877,1,0,0.4514,7,0
871.69,1,5,0.1719,0.0423,0,0,0.7939,7,1
1336.61,1,7,0.1766,-0.3712,4,3,0.4021,45,1
1631.5,2,60,0.6388,-0.0956,7,1,0.1388,9,0
545.4,0,15,0.6288,0.1854,3,0,0.5321,5,1
556.97,1,11,0.0687,-0.2385,1,0,0.2019,2,0
788.67,1,5,0.701,-0.2104,2,0,0.2553,9,1
1720.99,2,59,0.4746,-0.3811,7,1,0.3483,53,1
5161.58,2,29,0.2338,0.0216,0,0,0.6193,7,0
746.24,1,48,0.7911,-0.0443,5,0,0.2907,5,0
746.9,1,16,0.299,-0.163,3,0,0.6233,12,0
254.71,0,39,0.6217,0.1185,0,0,0.3614,3,0
2481.67,2,54,0.6519,0.2343,1,0,0.9279,7,0
258.51,0,41,0.4953,-0.2904,3,0,0.05,28,1
849.55,1,32,0.4718,-0.0305,1,0,0.8778,2,1
258.79,1,13,0.2247,-0.3794,6,0,0.129,28,1
295.86,0,15,0.8135,-0.4446,3,0,0.05,23,1
291.81,0,36,0.4094,-0.0667,2,3,0.4482,0,0
417.12,0,28,0.3111,-0.2158,2,0,0.6238,43,0
3794.83,2,3,0.5857,-0.3689,4,0,0.3528,34,0
833.41,1,12,0.481,-0.1001,0,0,0.8412,6,0
385.89,0,26,0.5875,0.1038,0,0,0.3055,6,0
605.27,1,11,0.5391,0.0621,2,1,0.3611,5,1
379.35,0,34,0.3929,-0.326,2,0,0.4219,37,1
1964.23,2,19,0.6403,0.0348,2,1,0.7723,2,0
191.57,0,18,0.3909,-0.0765,0,0,0.3438,0,0
271.76,0,7,0.1119,-0.0352,2,0,0.3223,2,0
473.45,0,31,0.6159,-0.0909,8,1,0.2616,56,1
948.21,1,12,0.0835,0.0671,1,0,0.5954,6,0
489.63,0,38,0.1582,-0.0923,3,1,0.4551,13,0
684.83,1,57,0.478,0.0511,1,0,0.2575,0,0
418.48,0,55,0.5909,-0.4081,6,0,0.5164,34,1
230.82,0,41,0.4743,-0.0797,3,0,0.5989,8,0
313.8,0,49,0.5186,0.0033,0,0,0.4903,4,0
312.85,0,56,0.4608,0.0632,3,1,0.2925,7,1
3025.24,2,41,0.7187,0.0506,4,0,0.965,1,0
316.6,0,16,0.3753,-0.1493,3,0,0.8269,0,0
1852.9,2,31,0.7069,-0.2218,6,0,0.4322,38,0
394.65,0,52,0.3554,0.0225,0,0,0.6479,6,0
531.64,0,41,0.6786,-0.3066,7,0,0.1459,35,0
236.41,0,22,0.2596,-0.2882,5,0,0.05,10,0
152.56,0,11,0.7165,0.0692,3,1,0.6036,6,1
1059.96,1,9,0.0239,0.1585,0,0,0.826,2,0
792.59,1,23,0.4131,-0.3946,4,0,0.05,28,1
276.99,0,49,0.2835,-0.1027,2,0,0.4176,28,1
1081.26,1,34,0.5175,-0.0615,5,2,0.6238,56,1
758.61,1,4,0.7124,0.1598,2,0,0.262,7,0
2184.46,2,56,0.8453,-0.0039,0,1,0.7644,4,0
2317.36,2,25,0.5324,-0.0515,0,0,0.5014,1,0
1488.67,1,24,0.6111,0.0555,1,1,0.9287,7,0
899.42,1,50,0.5987,-0.0762,1,1,0.3306,2,0
577.52,1,23,0.62,0.0716,0,1,0.767,4,0
190.82,0,38,0.8862,0.0076,3,0,0.8603,6,0
934.44,1,56,0.5426,-0.361,0,0,0.5548,5,1
195.31,0,32,0.5714,-0.0611,0,1,0.9359,0,0
515.13,1,37,0.5116,0.0391,1,0,0.8144,4,1
2997.88,2,22,0.2867,-0.3971,4,0,0.615,31,0
368.51,0,54,0.9283,0.0531,0,0,0.7693,7,1
782.41,1,5,0.2403,0.1251,2,0,0.4728,8,0
2659.8,2,17,0.5384,-0.0694,1,0,0.5667,5,0
309.74,0,60,0.2983,0.0928,1,0,0.5152,7,1
1098.9,1,30,0.6591,0.0944,2,3,0.6684,5,0
2965.75,2,11,0.6325,-0.3591,5,0,0.2346,14,1
964.1,2,25,0.7862,0.13,1,3,0.5038,2,0
266.59,0,16,0.2342,0.0527,2,0,0.8925,3,0
347.63,0,32,0.6883,-0.0081,3,0,0.7479,2,0
770.9,1,15,0.5042,-0.0099,0,1,0.9434,6,0
293.7,0,24,0.2505,-0.0838,1,0,0.4581,6,0
377.14,0,55,0.544,0.0831,2,0,0.7709,3,0
298.33,0,5,0.7424,0.0502,0,0,0.6583,2,0
491.59,0,46,0.7489,0.0783,1,0,0.4574,0,0
1320.37,1,5,0.3673,0.0279,0,0,0.4284,2,0
853.82,1,28,0.7061,-0.286,5,0,0.2645,18,0
830.4,1,41,0.3901,-0.0096,1,1,0.5562,7,0
328.2,1,58,0.5558,0.1277,1,0,0.5824,5,1
258.68,0,16,0.1915,0.0806,0,0,0.6969,4,0
180.59,0,4,0.5555,0.0373,3,0,0.833,5,0
313.35,0,46,0.2806,-0.3554,6,0,0.4223,30,0
305.94,0,54,0.4257,-0.3922,1,0,0.0761,33,0
369.97,0,34,0.819,-0.371,3,0,0.4376,46,1
472.82,0,4,0.4774,-0.0168,2,0,0.2954,8,0
287.35,0,31,0.4445,0.1469,1,0,0.3349,2,0
644.21,0,24,0.6085,-0.0505,0,2,0.766,0,0
965.44,1,28,0.4046,-0.3194,8,0,0.05,28,0
562.64,1,4,0.2712,-0.0739,1,0,0.0871,46,1
1971.4,2,20,0.4011,-0.109,0,2,0.4525,8,0
781.14,1,60,0.5958,-0.4127,4,0,0.5515,44,0
1094.95,1,3,0.5205,0.0479,1,1,0.7957,7,0
208.17,0,55,0.2675,-0.0292,2,0,0.9119,3,1
801.86,1,32,0.9911,-0.0337,0,0,0.6553,6,0
274.11,0,36,0.5308,-0.0426,3,0,0.7991,3,1
247.9,0,57,0.5604,0.0437,1,0,0.3333,6,0
385.24,0,14,0.8173,-0.0717,4,1,0.05,28,1
362.98,0,60,0.3954,-0.1669,1,0,0.6319,2,0
436.23,0,17,0.4438,-0.412,4,0,0.2686,37,1
792.63,1,21,0.2533,0.0111,1,1,0.7207,7,1
1355.74,1,27,0.3989,0.0639,2,0,0.8085,6,1
552.15,1,37,0.3637,0.0328,1,0,0.6382,0,0
547.46,1,20,0.6443,0.1023,1,0,0.4991,3,0
581.95,1,48,0.6339,-0.1212,1,0,0.3027,5,1
290.94,0,2,0.6795,0.0615,2,0,0.7978,8,0
1355.67,1,40,0.272,-0.2908,4,3,0.1167,59,0
720.88,1,40,0.1918,0.0248,1,0,0.5014,8,1
245.44,0,33,0.4689,0.0288,2,0,0.6331,6,1
268.88,0,37,0.2598,0.0719,1,0,0.9546,7,0
2932.8,2,45,0.2482,-0.0345,3,0,0.8523,8,0
752.99,1,55,0.6372,-0.0747,2,0,0.5934,5,0
240.61,0,14,0.6341,0.0258,1,0,0.4587,6,0
555.76,1,29,0.6364,-0.1454,0,0,0.7259,5,0
237.41,0,34,0.5942,0.0596,4,0,0.5432,7,0
437.9,0,21,0.7975,0.0765,0,0,0.7849,6,0
299.38,0,59,0.3073,-0.1404,0,0,0.7844,3,0
223.84,0,31,0.7904,-0.3621,2,0,0.176,33,1
1371.79,1,36,0.235,-0.4106,7,0,0.6592,46,1
236.29,0,12,0.7305,-0.1087,11,0,0.436,54,1
1462.94,1,25,0.8752,-0.1787,10,0,0.1421,42,1
473.97,0,38,0.4965,-0.1769,4,0,0.05,10,0
907.62,1,26,0.4947,0.1411,1,0,0.7239,6,0
526.75,1,47,0.3584,-0.2832,7,0,0.507,41,1
1983.36,1,9,0.5921,-0.185,9,0,0.2212,33,1
1019.19,1,10,0.8472,-0.0052,2,0,0.6504,1,0
2142.79,2,21,0.6735,-0.0797,4,0,0.1486,6,1
1243.73,1,20,0.7724,-0.3349,5,0,0.6796,31,1
1138.0,1,49,0.676,0.0117,0,0,0.0884,2,0
1408.18,1,53,0.2027,-0.0002,1,0,0.7113,5,0
230.0,0,29,0.4946,0.0141,2,0,0.7491,8,1
324.2,0,31,0.1972,0.0261,5,0,0.6853,8,0
191.49,0,18,0.9235,0.1088,1,0,0.5826,5,0
366.17,0,32,0.7722,-0.0384,2,1,0.8986,6,0
287.68,0,43,0.3328,-0.108,2,0,0.1489,4,1
319.97,0,44,0.7975,-0.3097,2,0,0.05,48,1
845.56,1,59,0.6681,-0.401,7,1,0.1152,19,1
265.61,0,35,0.1386,0.0558,1,0,0.5241,4,1
656.77,1,21,0.6558,-0.0939,1,3,0.6337,2,0
382.42,0,5,0.2344,-0.3303,8,0,0.4744,9,1
1499.1,1,42,0.4555,-0.1797,7,0,0.05,50,1
238.66,0,49,0.4685,-0.0868,1,1,0.3142,0,0
352.0,0,34,0.271,-0.0564,0,2,0.8317,6,1
337.36,0,56,0.4557,0.0053,1,0,0.4995,5,1
892.53,1,20,0.4634,-0.3248,4,0,0.0919,24,0
169.96,0,4,0.5713,-0.336,1,0,0.6487,52,0
1521.82,2,38,0.8039,-0.0533,4,0,0.4543,53,1
220.64,0,8,0.5785,-0.0002,0,0,0.7693,4,0
420.97,1,6,0.7472,-0.0466,0,0,0.7113,5,0
474.7,0,43,0.2559,-0.0212,0,0,0.6516,4,0
1012.24,1,27,0.6903,0.0922,0,0,0.5414,4,0
286.97,0,37,0.8855,-0.1336,7,1,0.05,58,1
134.73,0,45,0.7997,-0.4356,5,0,0.6666,11,0
153.17,0,23,0.4211,-0.2764,8,1,0.4713,35,1
289.76,0,37,0.5912,0.0363,1,0,0.6301,6,0
577.99,0,33,0.583,-0.0631,2,0,0.438,8,0
1879.38,2,35,0.5993,0.1363,0,0,0.5469,0,0
392.37,0,43,0.8765,-0.3983,0,0,0.4967,27,1
245.16,0,23,0.6712,-0.0326,1,1,0.1181,4,1
2446.85,2,31,0.7748,-0.1418,5,0,0.1457,54,1
443.64,0,36,0.4321,-0.2265,6,0,0.1549,55,1
256.93,0,9,0.317,-0.4026,3,2,0.2514,42,0
699.02,1,13,0.705,-0.0656,5,0,0.4904,19,0
3942.41,2,6,0.6792,-0.2266,9,2,0.6704,39,1
904.31,1,12,0.6699,-0.38,4,0,0.4292,35,0
424.88,0,27,0.3609,-0.0134,3,0,0.5447,4,1
1888.21,2,57,0.6872,0.1055,3,0,0.5378,0,0
474.48,0,56,0.2206,-0.0007,1,0,0.7447,2,1
2641.21,2,46,0.4521,0.2038,1,0,0.6549,2,0
1036.28,1,34,0.7187,-0.0453,1,1,0.4995,2,0
2513.16,2,13,0.4801,0.0595,2,0,0.4873,5,0
242.98,0,22,0.2064,-0.0665,2,0,0.4608,49,1
289.83,0,46,0.2809,0.1242,1,0,0.7505,5,0
762.28,1,55,0.4887,0.0945,2,0,0.3461,3,0
1245.21,1,58,0.206,0.0497,3,0,0.6091,2,0
828.94,1,24,0.5062,0.0253,0,0,0.5093,5,0
1421.47,2,30,0.858,-0.2501,4,0,0.05,58,1
494.44,1,31,0.4095,-0.4132,6,0,0.5403,15,1
158.46,0,4,0.5001,-0.1336,0,0,0.5521,0,0
360.02,0,7,0.7106,0.0841,1,0,0.541,3,0
193.81,0,3,0.4279,-0.1338,1,0,0.5139,2,0
322.12,0,45,0.3996,-0.2672,4,0,0.3203,23,1
304.2,0,14,0.6394,-0.1918,4,0,0.2386,13,1
870.07,1,43,0.654,-0.0755,4,0,0.3804,4,1
1037.6,1,23,0.4012,0.1606,1,0,0.287,3,0
940.7,1,48,0.5453,-0.3592,6,0,0.2168,26,1
112.33,0,7,0.3841,-0.0466,3,0,0.3727,2,0
794.69,1,20,0.4458,-0.0373,0,0,0.2725,1,0
1032.78,1,13,0.5751,-0.2975,4,0,0.1643,30,1
4261.27,2,27,0.963,-0.2492,3,0,0.3591,58,0
1605.97,1,34,0.3483,-0.2288,6,0,0.2165,59,1
552.32,1,11,0.8649,-0.1171,5,0,0.7638,3,0
787.46,1,41,0.2681,-0.4471,2,0,0.3263,25,0
167.63,0,58,0.3934,-0.0859,3,1,0.7369,2,0
4085.44,2,3,0.4473,0.3156,1,0,0.0769,6,1
413.39,0,6,0.7583,-0.2895,5,0,0.3155,9,0
327.86,0,58,0.7497,-0.1778,1,1,0.4608,10,0
307.36,0,39,0.445,-0.4289,5,0,0.1331,9,1
1442.95,1,56,0.8019,-0.0179,4,4,0.2854,1,0
1359.93,1,43,0.2527,0.0547,2,0,0.6763,1,0
1334.8,1,44,0.2036,-0.0537,2,0,0.4509,3,0
340.26,0,10,0.165,0.0909,1,0,0.7726,6,0
256.63,0,31,0.8567,0.0382,1,1,0.6777,7,0
3139.18,2,22,0.5537,-0.079,1,1,0.5324,6,0
385.87,0,51,0.2974,-0.301,8,0,0.0655,20,0
2245.09,2,3,0.3769,0.0565,0,0,0.4927,5,0
256.45,0,2,0.6187,-0.0517,0,0,0.6509,8,0
1323.3,1,34,0.0883,-0.0228,1,0,0.5632,5,0
1593.46,1,59,0.633,0.0712,0,0,0.7943,6,0
684.67,1,60,0.2507,0.1291,1,4,0.5995,2,1
264.46,0,36,0.6705,0.0058,0,0,0.6741,5,0
2713.65,2,26,0.6245,0.1131,2,0,0.308,3,0
1055.25,1,17,0.1519,0.1367,1,0,0.5592,7,0
741.29,1,60,0.4064,-0.4247,4,0,0.7148,45,0
1720.64,1,11,0.6857,-0.1202,9,0,0.6854,27,0
336.17,0,8,0.386,-0.0702,1,0,0.3492,7,1
349.28,0,31,0.1987,0.1091,2,0,0.6179,4,0
536.73,0,24,0.3023,0.0009,0,1,0.9197,7,0
247.82,0,30,0.5605,-0.198,4,1,0.2306,39,1
862.88,1,55,0.8924,-0.0429,0,0,0.276,7,0
187.02,0,17,0.3196,-0.3554,6,0,0.237,34,0
273.02,0,53,0.5373,-0.0501,0,0,0.3965,7,0
172.22,0,13,0.736,-0.1125,0,0,0.855,6,0
376.77,0,20,0.6969,-0.0387,2,0,0.2768,4,0
335.92,0,1,0.2893,-0.0833,1,0,0.3822,7,1
807.75,1,41,0.6329,0.0766,1,0,0.3905,3,0
279.98,0,52,0.5228,-0.0865,0,0,0.4841,4,0
3132.97,2,54,0.2086,-0.0469,3,0,0.2505,8,0
194.87,0,11,0.5646,-0.444,3,1,0.05,44,1
311.48,0,47,0.6904,-0.2883,4,2,0.3002,53,0
3065.77,2,9,0.4268,-0.0492,2,2,0.6472,3,0
155.41,0,38,0.1418,-0.0895,6,0,0.05,28,0
368.56,0,43,0.6864,-0.1112,2,0,0.4193,8,0
1335.82,2,10,0.3938,-0.0661,3,1,0.5009,1,0
2303.23,2,7,0.4168,-0.3865,5,0,0.1618,52,1
592.31,1,5,0.4196,-0.0702,6,0,0.0565,19,1
478.58,0,43,0.7352,-0.1509,6,2,0.3066,16,0
593.61,1,37,0.4095,-0.444,3,0,0.3587,53,1
1347.03,2,8,0.2273,0.2053,2,0,0.9642,7,0
2514.67,2,31,0.7389,-0.0413,3,0,0.7813,0,0
250.91,0,48,0.266,-0.0211,4,1,0.1841,3,0
171.27,0,15,0.3171,-0.0271,1,0,0.6601,5,1
348.6,0,37,0.5004,0.1227,0,0,0.6439,7,0
144.44,0,18,0.4187,0.013,1,2,0.6428,5,0
619.27,1,16,0.8062,0.1707,2,3,0.4786,8,0
237.12,0,24,0.6006,0.0634,3,0,0.2845,3,0
384.01,0,22,0.874,-0.2111,6,0,0.0857,21,1
456.37,0,30,0.6877,-0.4116,3,1,0.3094,13,1
426.6,0,13,0.7009,-0.3549,3,1,0.2023,9,0
274.85,0,24,0.6907,-0.1466,2,0,0.8871,0,0
124.01,0,38,0.2139,-0.0228,1,0,0.6301,2,0
332.51,0,24,0.0616,-0.1339,0,2,0.7068,3,1
4015.53,2,40,0.6324,-0.3538,6,0,0.0835,17,0
446.62,0,7,0.2338,0.0001,2,0,0.483,1,0
1046.55,1,9,0.7033,-0.1066,10,1,0.05,49,0
191.24,0,52,0.6377,-0.0292,1,0,0.3142,5,0
241.3,0,28,0.3376,0.1025,1,0,0.5384,3,0
570.62,0,37,0.7515,-0.1765,1,0,0.13,4,0
176.62,0,45,0.3409,0.0151,2,0,0.7089,6,1
194.05,0,9,0.1054,-0.053,3,3,0.4014,42,0
403.34,0,59,0.4221,0.0785,1,0,0.4302,8,0
765.34,1,26,0.3949,-0.0118,3,0,0.3359,8,1
191.76,0,54,0.7194,-0.1511,2,0,0.8535,1,0
495.06,0,26,0.5226,-0.4359,5,0,0.2884,56,1
1045.86,1,25,0.0543,-0.0192,3,0,0.5225,7,0
253.72,0,37,0.3044,-0.0105,1,0,0.4712,1,0
194.19,0,12,0.8654,0.2419,1,0,0.5812,4,0
593.76,0,37,0.2722,-0.2552,2,0,0.1156,22,1
287.53,0,59,0.4155,-0.0319,2,0,0.8381,6,0
472.93,0,39,0.1215,-0.0379,2,1,0.9679,5,0
3281.3,2,5,0.1096,-0.2384,6,0,0.1597,54,1
2000.01,2,42,0.5607,-0.0621,3,0,0.8286,8,0
2005.59,2,3,0.3035,-0.4207,3,0,0.4598,29,1
481.11,0,7,0.4357,-0.4103,5,0,0.3547,49,1
483.84,0,18,0.4115,0.0112,2,1,0.6015,0,0
150.35,0,19,0.2515,-0.2832,1,0,0.206,56,0
351.53,0,1,0.5178,-0.2013,6,0,0.3293,28,1
277.95,0,2,0.7889,-0.0487,3,0,0.1901,6,1
201.99,0,48,0.4216,-0.1465,0,3,0.1839,3,1
317.82,0,28,0.4138,-0.3791,2,0,0.4387,39,1
180.82,0,12,0.1193,-0.1657,3,3,0.05,39,1
246.32,0,26,0.7192,-0.2562,8,3,0.3661,11,1
673.01,1,42,0.0675,-0.4111,4,0,0.3907,48,1
243.46,0,45,0.2202,0.2267,1,0,0.7847,3,0
2340.7,2,18,0.6027,-0.0381,4,0,0.436,2,1
203.25,0,11,0.7166,0.0556,0,0,0.5553,3,0
1543.54,1,58,0.5426,-0.0488,0,0,0.3627,2,0
344.65,0,38,0.6381,0.113,1,0,0.8586,5,0
543.47,0,59,0.289,-0.0727,1,0,0.2767,0,0
274.2,0,19,0.1605,0.1114,1,0,0.6363,4,0
239.32,0,7,0.476,-0.0537,4,0,0.5242,6,0
1646.93,1,23,0.7763,0.0967,0,0,0.8039,3,0
236.88,0,20,0.4718,0.1406,0,0,0.6272,2,0
272.46,0,44,0.736,-0.1354,0,1,0.4338,6,1
3087.88,2,43,0.9483,-0.2018,3,0,0.6942,58,1
188.04,0,5,0.3201,0.0435,0,0,0.6359,8,0
1141.59,1,36,0.2568,0.0328,1,0,0.6087,8,0
1091.59,1,21,0.3898,-0.0092,0,1,0.6518,4,1
452.21,0,37,0.4244,-0.0276,2,0,0.7476,0,0
395.99,0,24,0.5295,-0.435,6,0,0.094,15,1
457.09,0,33,0.2332,0.0531,0,0,0.8448,6,0
856.26,1,43,0.0635,-0.0764,4,0,0.5509,6,0
214.42,0,18,0.3684,-0.4134,4,3,0.4116,25,1
606.91,0,12,0.5198,-0.0374,0,0,0.8709,1,0
169.96,0,43,0.7813,-0.0223,1,1,0.6262,5,0
1456.72,2,57,0.4148,-0.1227,10,0,0.3281,41,1
1084.65,1,27,0.892,-0.3387,1,0,0.3032,48,0
4238.52,2,60,0.7027,-0.0797,0,0,0.9904,2,0
951.05,1,12,0.5989,-0.0673,2,0,0.2813,3,0
1262.66,1,50,0.7658,-0.2154,7,0,0.3146,26,1
144.22,0,60,0.8848,-0.1644,8,0,0.2265,13,0
2015.02,2,18,0.2284,0.1654,3,0,0.3198,4,0
461.9,1,9,0.7044,-0.2607,6,0,0.6078,56,1
381.09,0,40,0.7211,-0.0378,1,0,0.4666,1,0
517.85,1,53,0.6588,0.021,2,1,0.2364,5,0
569.06,1,5,0.4617,0.1561,0,0,0.4633,4,0
347.16,0,39,0.7286,-0.1931,0,0,0.88,5,0
420.53,0,53,0.5277,-0.201,7,0,0.342,25,1
274.31,0,2,0.6509,0.1395,4,0,0.9023,7,0
1086.57,1,31,0.5162,-0.4341,3,0,0.1878,16,1
350.06,0,5,0.4843,-0.2928,7,0,0.4594,49,0
825.36,1,11,0.4964,0.0336,0,0,0.1653,5,0
197.7,0,30,0.4834,0.0934,2,0,0.2701,1,0
1084.56,1,20,0.6307,-0.2422,4,0,0.2583,25,1
359.41,0,6,0.5592,-0.1251,4,0,0.5174,36,0
3281.75,2,49,0.1755,-0.292,3,0,0.5341,19,1
323.47,0,13,0.6162,0.0879,1,0,0.4583,5,0
192.66,0,53,0.8532,-0.1898,11,0,0.1995,24,0
369.26,0,11,0.61,-0.0534,1,0,0.5642,2,0
289.86,0,32,0.3485,0.0279,0,0,0.369,7,0
244.92,0,44,0.61,-0.0561,0,0,0.9166,1,0
802.79,1,29,0.7645,-0.0289,0,1,0.9096,1,0
1884.91,2,26,0.0549,-0.0876,1,0,0.7797,1,0
1214.78,1,46,0.2763,-0.3885,5,1,0.3423,12,0
541.79,1,1,0.369,-0.3539,4,0,0.2625,51,1
204.83,0,50,0.1761,0.0556,0,0,0.3136,8,0
793.26,1,42,0.6114,0.0293,1,0,0.21,5,0
1565.62,1,46,0.8654,-0.0989,6,0,0.0834,32,1
419.42,0,26,0.4709,0.0125,2,4,0.663,1,0
1351.45,2,24,0.2076,-0.0956,1,0,0.3905,4,0
465.38,0,35,0.4495,0.0173,2,1,0.604,0,0
1427.27,1,39,0.6583,-0.0652,4,0,0.4241,58,0
1591.32,2,56,0.4412,-0.0343,3,0,0.5434,4,0
368.23,1,52,0.6969,-0.0557,3,1,0.6926,4,0
282.76,0,4,0.5365,-0.0292,3,0,0.7688,8,0
1318.26,1,10,0.5922,-0.3711,6,0,0.6027,41,0
506.14,0,57,0.7597,-0.3564,10,0,0.4622,28,1
656.18,1,24,0.7551,-0.1407,0,0,0.6247,5,1
535.43,0,35,0.6723,0.0923,3,0,0.6583,8,0
408.07,1,4,0.8811,0.0743,2,2,0.1261,3,1
2109.92,2,7,0.4186,-0.3103,6,0,0.2538,55,1
250.6,0,25,0.5139,0.1846,0,0,0.8349,0,0
434.07,0,44,0.4087,0.0224,2,2,0.9542,7,0
1401.96,1,47,0.5316,0.0631,1,2,0.6024,0,1
404.99,0,54,0.7964,-0.4254,4,0,0.2804,14,0
180.76,0,12,0.5749,-0.1765,6,0,0.0578,15,0
392.21,0,13,0.7192,-0.0023,0,0,0.6284,4,0
346.56,0,33,0.3125,-0.0445,1,0,0.1069,5,1
495.86,1,33,0.7025,0.1173,0,0,0.6892,3,0
431.72,1,3,0.679,-0.2661,4,0,0.2588,10,1
417.04,0,27,0.2299,-0.437,2,0,0.05,40,1
272.28,0,54,0.7828,0.0616,1,0,0.6135,1,0
184.95,0,10,0.3377,-0.1449,1,0,0.6449,5,0
269.62,0,50,0.2788,0.0364,2,0,0.738,0,1
1010.94,1,27,0.6962,0.0234,0,0,0.8099,8,0
281.71,0,32,0.4362,0.1429,0,0,0.4502,7,0
516.99,1,39,0.557,-0.2272,6,0,0.4759,46,0
4643.25,2,43,0.2235,0.0813,1,4,0.6931,1,0
1264.84,1,39,0.2801,-0.1873,1,0,0.6472,0,0
791.43,1,7,0.4492,-0.0625,1,2,0.7903,1,0
261.54,0,18,0.2973,-0.0164,2,0,0.8229,7,0
328.88,0,51,0.3744,-0.0141,1,0,0.837,8,0
195.3,0,3,0.6174,0.0367,1,1,0.5694,5,0
996.41,1,43,0.7807,-0.2654,3,0,0.3877,14,0
558.62,1,32,0.4363,0.0979,2,0,0.6214,4,0
282.93,0,8,0.6014,-0.0719,0,1,0.7884,4,0
192.65,0,8,0.7764,-0.1081,3,0,0.5356,16,1
196.09,0,59,0.4918,-0.343,5,2,0.2067,19,0
1583.23,1,2,0.4313,-0.4103,5,0,0.6627,39,0
908.64,1,2,0.2547,0.1006,0,0,0.411,2,0
957.01,1,2,0.3395,0.1164,0,0,0.9231,7,0
1187.07,2,38,0.6557,-0.3688,6,0,0.239,12,0
235.32,0,56,0.4495,-0.417,1,0,0.4408,48,0
1045.91,1,11,0.3802,0.1874,0,0,0.2944,8,1
952.58,1,48,0.6564,-0.1285,1,1,0.5453,6,1
136.45,0,44,0.7063,-0.215,7,0,0.6612,23,1
2580.46,2,14,0.7306,0.073,3,1,0.7368,5,0
329.7,0,5,0.3585,-0.1266,6,4,0.4265,52,1
1394.84,1,30,0.7827,-0.1183,5,0,0.3346,16,0
707.61,1,5,0.4278,-0.3307,3,0,0.05,35,0
1094.99,2,7,0.4091,-0.2672,6,1,0.189,29,1
627.88,1,28,0.6155,-0.1319,5,0,0.0669,52,1
197.53,0,49,0.4899,-0.2966,8,1,0.2377,47,1
1151.79,1,60,0.5095,-0.4247,2,0,0.2395,49,1
343.9,1,38,0.6405,-0.024,2,0,0.7116,2,1
760.74,1,17,0.4082,0.0401,0,0,0.1646,6,0
1465.94,1,20,0.7704,-0.4007,4,0,0.05,32,1
290.73,0,37,0.4268,-0.0011,1,0,0.2511,5,0
1217.96,1,11,0.5103,-0.1569,6,0,0.0523,52,0
1350.99,2,32,0.1484,0.0703,1,0,0.4679,7,0
165.54,0,47,0.6434,-0.4385,6,1,0.3025,44,0
479.58,0,51,0.0877,-0.0616,6,0,0.05,27,1
2486.54,2,4,0.5236,-0.0531,1,0,0.5234,4,1
922.76,1,18,0.3494,-0.3185,5,0,0.3577,58,1
1622.74,2,16,0.8234,-0.3532,6,0,0.3525,12,1
300.41,0,34,0.3671,-0.1567,2,0,0.05,29,1
1607.03,2,12,0.4805,-0.1126,0,0,0.4557,2,0
439.35,0,58,0.576,-0.3561,6,0,0.4375,15,0
2312.22,1,56,0.5688,-0.3711,9,0,0.05,21,0
343.53,0,20,0.2552,-0.0255,0,0,0.8978,4,0
712.65,1,25,0.4958,-0.0631,7,1,0.1207,35,1
988.75,2,27,0.2763,-0.4069,3,0,0.5599,45,1
493.57,1,3,0.1903,0.0642,0,0,0.7682,4,0
1533.68,1,54,0.6461,-0.2224,2,0,0.6333,25,1
202.28,0,47,0.6817,-0.2683,4,0,0.2463,0,1
781.67,1,20,0.4089,-0.2863,7,0,0.503,32,1
1119.44,1,33,0.2859,-0.1151,6,0,0.4279,53,0
487.2,0,23,0.4616,-0.0653,2,0,0.1698,1,0
829.95,1,14,0.4468,-0.0563,0,0,0.2629,7,1
2083.05,2,19,0.7313,0.1665,0,0,0.637,4,1
912.59,1,7,0.3995,-0.0855,4,0,0.05,54,0
714.48,1,49,0.3194,-0.1322,4,0,0.4419,4,0
237.23,0,40,0.1529,-0.0004,1,2,0.9021,6,0
1028.01,1,56,0.4671,-0.0632,1,0,0.3897,8,0
309.43,0,1,0.5786,0.056,2,0,0.1978,0,0
611.52,0,38,0.3544,-0.0186,2,0,0.3167,2,1
338.15,0,34,0.2989,-0.1369,1,0,0.692,5,0
433.89,0,38,0.7006,-0.2278,7,0,0.1004,53,0
199.32,0,60,0.2787,0.0143,2,0,0.4626,0,0
1069.59,1,24,0.9335,-0.1053,2,0,0.7593,4,0
225.17,0,9,0.6755,-0.176,4,0,0.9299,1,1
333.05,0,1,0.7189,0.0483,2,0,0.6972,4,0
369.02,0,30,0.4514,-0.0081,2,0,0.7736,4,0
905.67,1,11,0.1282,-0.0015,0,2,0.4896,5,0
673.47,0,9,0.7921,0.0946,1,0,0.6966,5,1
478.03,0,9,0.3699,-0.1739,2,1,0.767,7,0
1343.8,1,17,0.2069,0.026,0,3,0.8252,2,0
378.94,0,7,0.576,0.0863,1,0,0.3832,3,0
4448.85,2,30,0.627,0.0017,0,2,0.6211,7,0
175.38,0,40,0.1177,-0.1216,1,0,0.217,0,0
468.47,0,18,0.7874,-0.3117,4,0,0.1479,19,0
204.99,0,9,0.5243,-0.0251,1,0,0.9102,8,0
730.48,1,35,0.5248,-0.1379,1,0,0.063,8,0
352.96,0,6,0.3395,0.0571,4,0,0.8178,3,0
3695.43,2,45,0.4356,-0.3361,6,0,0.3464,32,1
193.66,0,23,0.2659,-0.0443,1,0,0.4212,0,0
743.84,1,25,0.387,-0.2437,3,0,0.0804,57,1
300.07,0,15,0.4852,-0.0322,2,2,0.5609,2,1
271.69,0,17,0.1822,0.168,1,1,0.4875,1,0
391.03,0,9,0.3025,-0.0069,2,0,0.5027,4,0
2962.52,1,34,0.4597,-0.0755,1,0,0.7228,4,0
335.84,0,9,0.3758,-0.1357,7,2,0.537,17,0
1855.49,2,41,0.808,0.0291,1,0,0.2171,0,1
565.35,1,16,0.5183,-0.087,3,1,0.7758,0,1
2141.76,2,34,0.2526,0.0344,0,0,0.8656,0,0
208.68,0,33,0.8535,-0.4199,6,1,0.4358,58,1
1048.24,1,39,0.7273,-0.0223,1,0,0.409,2,0
1042.55,1,46,0.4991,0.0158,2,0,0.1734,0,1
756.81,1,34,0.3823,0.1205,2,1,0.4822,2,0
4807.62,2,52,0.586,-0.0343,1,0,0.4194,5,1
688.02,1,16,0.4022,0.0384,0,0,0.5339,2,1
2301.75,2,46,0.4669,0.0644,4,0,0.871,1,0
1113.13,1,21,0.3075,-0.1643,3,0,0.4819,54,0
396.27,0,38,0.7617,0.0723,1,0,0.7985,3,1
1391.83,1,30,0.128,0.1015,0,1,0.4255,2,1
336.92,0,55,0.1176,0.1166,1,0,0.9956,7,0
3466.99,2,17,0.3604,-0.1474,6,0,0.1904,58,0
705.17,1,32,0.4428,-0.0952,4,0,0.2772,16,1
399.9,0,10,0.4778,0.0146,0,0,0.592,2,0
398.03,0,39,0.411,0.0089,0,1,0.6097,7,0
492.45,0,3,0.3069,-0.3382,8,0,0.05,24,1
161.73,0,25,0.3844,-0.0157,0,0,0.7407,2,1
211.11,0,1,0.4295,-0.2924,3,3,0.2733,23,1
1187.16,1,20,0.1904,-0.1124,7,0,0.2379,54,1
351.86,1,30,0.6507,-0.0584,4,0,0.0816,34,1
1057.25,1,20,0.6911,-0.0899,3,0,0.1935,12,1
420.23,0,24,0.5054,-0.0923,2,0,0.3147,35,1
727.41,1,9,0.5333,0.0402,2,0,0.3865,7,0
249.46,0,43,0.1287,-0.1444,6,0,0.3781,55,0
1647.93,2,48,0.2247,0.0233,1,0,0.9334,4,0
241.61,0,28,0.4033,0.0505,0,0,0.7589,4,0
244.08,0,4,0.419,0.2042,0,0,0.897,4,1
228.35,0,4,0.811,0.2236,2,0,0.5356,2,0
687.48,1,41,0.7852,-0.0861,2,0,0.7447,2,0
263.76,0,56,0.1626,-0.0211,1,0,0.8477,1,0
806.04,1,52,0.4517,0.1094,1,0,0.5544,0,0
1715.0,1,25,0.3319,0.0697,2,0,0.6916,8,1
775.31,1,30,0.042,0.0906,1,0,0.8093,4,1
327.12,0,10,0.6138,-0.2422,0,0,0.6166,4,0
236.98,0,5,0.3972,-0.1754,2,0,0.9326,1,0
235.93,0,46,0.7014,-0.0577,5,0,0.5407,56,0
159.71,0,26,0.9606,0.0974,0,1,0.7076,0,0
513.5,1,30,0.5961,0.0554,2,0,0.4673,5,0
190.08,0,21,0.4852,-0.1042,2,0,0.1349,6,0
309.26,0,19,0.2015,-0.0215,3,0,0.6108,5,0
422.65,0,60,0.8479,0.077,2,0,0.7312,6,0
476.22,1,49,0.2828,-0.1183,2,0,0.2721,1,0
239.3,0,42,0.1536,-0.2415,1,0,0.4067,43,0
551.59,1,24,0.8437,0.0575,1,0,0.503,6,0
264.38,0,44,0.7847,-0.2443,9,0,0.1158,51,1
3497.29,2,21,0.5653,-0.0323,1,0,0.9453,0,0
761.14,1,31,0.6108,-0.1717,6,0,0.05,32,1
285.22,0,9,0.5905,0.115,3,0,0.5707,5,0
482.61,0,43,0.3389,-0.1593,1,0,0.1657,7,1
340.41,0,4,0.4346,-0.185,4,0,0.3787,36,0
222.26,0,44,0.2002,0.1366,0,0,0.5475,1,0
306.59,0,37,0.9201,0.0407,1,0,0.722,4,0
1796.48,2,4,0.6614,0.0063,1,0,0.7771,6,0
1031.11,1,31,0.2527,-0.1318,4,0,0.2365,46,1
347.32,0,14,0.7287,0.0734,1,1,0.4399,6,0
551.54,1,29,0.7572,-0.0072,2,2,0.3117,3,0
308.33,0,1,0.4426,0.1806,3,0,0.5892,6,0
2303.24,2,44,0.5624,-0.1905,0,0,0.2445,3,1
350.91,0,31,0.5518,-0.3216,10,0,0.05,35,1
1190.58,1,22,0.2627,0.0648,1,0,0.4896,3,1
1051.87,1,53,0.7422,0.0148,3,0,0.4297,3,0
260.8,0,39,0.4755,-0.2763,11,1,0.2698,52,1
402.04,0,37,0.9142,-0.2974,5,0,0.4745,17,1
213.64,0,9,0.5209,-0.2688,5,0,0.5879,40,1
1511.78,2,31,0.8929,0.135,1,0,0.7255,8,0
290.87,1,43,0.8126,-0.2397,8,1,0.4693,45,1
868.42,1,56,0.9598,-0.004,0,0,0.7301,2,0
667.59,1,37,0.6991,-0.0331,1,0,0.4202,3,1
1022.94,1,11,0.6201,-0.2402,1,0,0.1546,40,0
145.47,0,41,0.8936,0.0593,1,0,0.4672,1,0
709.61,1,5,0.0535,0.0297,0,0,0.8747,6,0
1049.23,1,19,0.4252,-0.1049,2,0,0.4403,32,1
202.24,0,56,0.4211,0.0263,2,0,0.9655,1,0
2769.62,2,49,0.5726,0.0035,1,0,0.7667,7,0
238.63,0,55,0.3687,-0.2446,4,0,0.2716,16,1
286.69,0,22,0.5829,0.1657,2,0,0.775,2,0
1096.11,1,41,0.0886,-0.1002,1,0,0.7775,5,0
404.79,0,43,0.105,0.0542,0,0,0.7331,4,0
299.54,0,15,0.7823,-0.0742,1,0,0.5789,0,0
218.11,0,57,0.5885,0.2155,4,0,0.7401,1,1
758.17,1,59,0.2703,-0.4178,4,0,0.0954,50,1
1112.27,1,7,0.7874,-0.1068,1,0,0.3284,6,0
202.85,0,46,0.7453,-0.1974,4,0,0.6158,58,0
272.48,0,27,0.3703,-0.1259,0,0,0.8099,8,0
253.36,0,41,0.5141,-0.0433,2,0,0.1508,0,1
2314.73,2,34,0.147,-0.2934,5,0,0.05,56,0
203.7,0,14,0.6372,-0.1853,6,1,0.5625,25,1
1255.19,2,6,0.4868,0.1281,0,0,0.4469,1,0
2879.82,2,31,0.6738,-0.191,1,0,0.314,38,1
406.4,0,51,0.3664,-0.1668,2,0,0.6123,49,0
475.31,1,50,0.3922,0.1009,0,0,0.393,7,0
1012.67,1,17,0.3438,0.245,3,0,0.6266,3,0
1300.28,1,52,0.6293,-0.4326,5,0,0.609,29,0
357.25,0,22,0.4256,0.1709,1,1,0.368,7,0
769.23,1,34,0.382,-0.3978,6,0,0.131,12,0
639.7,1,20,0.2804,0.138,1,0,0.3073,5,0
915.59,1,32,0.8637,-0.0421,1,1,0.4945,5,0
2617.43,2,32,0.4431,-0.3533,7,0,0.1837,29,0
299.89,0,42,0.5491,-0.0085,0,0,0.5705,2,0
835.62,1,29,0.3379,-0.0576,1,0,0.6693,2,0
1643.03,2,32,0.3459,0.0626,0,4,0.77,5,1
336.24,0,40,0.3216,0.1427,2,0,0.3727,1,0
341.96,0,26,0.6265,-0.1912,0,0,0.4968,1,0
311.12,0,32,0.6887,0.0025,0,1,0.4097,7,0
2495.07,2,6,0.3318,-0.0887,1,0,0.4308,2,0
521.97,0,53,0.5465,0.1105,1,0,0.3903,5,0
715.29,1,8,0.2395,0.162,1,0,0.6792,7,1
454.13,0,53,0.6844,0.0025,1,0,0.4057,0,0
224.3,0,46,0.0724,-0.2138,9,3,0.05,12,0
1312.06,1,57,0.7686,-0.1415,3,0,0.7715,0,0
446.55,0,2,0.4531,-0.3441,5,0,0.1578,37,1
2166.04,2,14,0.8316,-0.1678,4,3,0.3897,57,0
518.64,0,4,0.74,-0.1031,7,0,0.2604,50,0
2828.17,2,26,0.7142,0.0855,2,0,0.5883,7,0
213.33,0,55,0.6479,-0.0912,2,0,0.5041,2,0
2105.42,2,46,0.4107,-0.0309,1,0,0.4732,2,0
1323.04,1,43,0.7749,-0.1048,0,1,0.6828,4,0
400.6,0,51,0.4914,-0.2754,8,3,0.22,17,1
200.25,0,1,0.35,-0.4082,5,0,0.4647,12,1
276.2,0,48,0.3985,-0.2892,3,0,0.3638,12,1
955.71,1,19,0.5976,-0.0726,2,0,0.5708,1,0
745.13,1,42,0.2775,0.1091,0,0,0.4767,8,0
661.9,0,46,0.4879,-0.2257,2,0,0.3914,29,1
314.71,0,42,0.4802,-0.2902,4,0,0.6936,12,1
870.95,1,26,0.9157,0.2196,1,0,0.05,2,0
1350.22,1,37,0.9628,-0.4027,1,0,0.4829,11,1
783.21,1,29,0.403,0.2005,3,0,0.8972,0,0
412.6,0,38,0.3765,-0.0947,0,0,0.727,0,0
496.47,1,28,0.9605,-0.3329,2,0,0.6053,38,0
2047.64,2,24,0.676,-0.4302,6,0,0.4529,24,0
418.66,0,13,0.4939,-0.0572,1,0,0.3945,3,1
502.43,0,24,0.3691,-0.3286,0,0,0.4096,0,1
221.24,0,44,0.4467,-0.1067,2,0,0.3301,0,0
651.83,1,53,0.1044,-0.0525,0,0,0.9455,6,0
353.71,0,7,0.5321,0.0761,2,1,0.4489,0,0
1929.78,2,11,0.5282,-0.0366,1,0,0.0668,0,0
810.15,1,31,0.5471,-0.3195,3,0,0.5815,18,1
1209.5,1,43,0.6786,-0.0404,0,0,0.6478,6,1
735.67,1,11,0.5242,0.0071,2,0,0.6413,7,0
145.76,0,20,0.3754,0.0134,1,0,0.7868,4,0
564.44,1,3,0.2353,-0.0432,2,4,0.685,8,1
291.01,0,4,0.686,0.1021,0,0,0.2106,0,0
463.6,1,9,0.1378,0.158,1,0,0.2235,0,0
2162.93,2,44,0.2128,-0.1828,4,0,0.323,21,0
546.75,1,53,0.8297,0.0417,0,0,0.508,4,0
4260.76,2,30,0.4683,-0.3096,5,0,0.1782,37,1
618.74,0,11,0.5119,-0.1553,1,0,0.5646,0,0
614.53,1,56,0.2869,-0.3891,4,0,0.0536,41,1
973.68,1,17,0.7905,0.2207,1,0,0.4848,5,0
635.92,1,10,0.8628,-0.0128,0,0,0.572,6,0
260.24,0,9,0.7433,-0.4404,6,0,0.2087,19,0
545.17,0,22,0.664,-0.4114,4,0,0.1662,45,1
755.88,1,45,0.6591,-0.0034,1,1,0.389,4,0
262.37,0,24,0.2697,0.1868,1,0,0.2646,5,0
639.92,1,27,0.291,-0.1191,8,0,0.05,23,1
1329.27,1,21,0.6192,-0.4248,6,1,0.05,22,1
765.92,2,57,0.6079,-0.0593,9,0,0.0834,56,1
248.37,0,42,0.3391,-0.2706,5,2,0.1186,42,1
2361.76,2,40,0.2996,-0.0309,2,0,0.7216,4,0
230.1,0,27,0.4824,-0.3688,6,0,0.4016,13,1
392.34,0,32,0.2875,0.1461,0,1,0.1287,8,1
1355.51,1,54,0.8885,-0.1821,6,0,0.05,59,0
176.91,0,40,0.4775,0.0052,4,0,0.5828,2,0
603.41,0,49,0.3541,-0.0493,2,0,0.476,3,0
176.22,0,3,0.4949,0.0512,0,0,0.7523,4,0
1397.22,1,52,0.5579,0.1083,0,0,0.572,3,0
937.92,1,58,0.3328,-0.3432,8,0,0.1585,11,0
243.13,0,41,0.4132,-0.2563,8,0,0.268,24,0
251.29,0,58,0.8185,0.0475,3,0,0.766,3,0
879.62,1,35,0.22,0.0107,0,0,0.4885,0,0
311.95,0,17,0.6642,-0.3396,3,0,0.3422,54,0
644.95,1,37,0.1383,-0.0308,0,0,0.5763,5,0
2211.32,2,38,0.9168,-0.1052,1,0,0.7677,2,0
679.59,1,9,0.3589,0.0147,1,0,0.3253,5,1
1568.63,2,13,0.2961,0.0235,1,0,0.8081,5,0
668.58,1,18,0.2703,-0.0022,0,0,0.4649,7,0
595.1,1,33,0.6103,0.139,2,0,0.9192,3,1
250.34,0,9,0.4356,0.07,2,1,0.3351,3,0
337.39,0,47,0.1367,0.0085,2,0,0.9858,7,0
928.41,1,7,0.8984,0.0194,0,4,0.5415,4,0
578.77,0,57,0.7508,-0.2842,2,4,0.5855,42,1
1107.17,2,41,0.0819,0.0726,3,0,0.5171,8,0
1048.89,1,21,0.7304,-0.0818,4,3,0.3295,10,1
2405.4,2,23,0.457,-0.0635,12,0,0.5158,38,0
385.82,0,42,0.4408,-0.1449,6,0,0.4947,48,1
372.65,0,6,0.4076,-0.051,3,0,0.6656,2,0
840.06,1,43,0.4443,-0.1382,2,0,0.2404,43,0
308.06,0,34,0.9601,0.0388,0,0,0.5712,8,0
685.94,1,14,0.4404,-0.2609,7,2,0.5106,57,0
1103.24,1,54,0.4837,-0.0362,0,0,0.8838,8,0
1243.42,2,38,0.3645,-0.073,1,0,0.7269,3,1
1168.07,1,10,0.6397,0.1565,1,0,0.6625,0,0
287.66,0,40,0.6843,-0.359,2,0,0.6594,18,1
244.55,0,25,0.9406,-0.2749,4,0,0.5517,27,0
820.44,1,46,0.3381,-0.0623,6,1,0.4022,30,1
274.28,0,30,0.7152,-0.0426,0,0,0.1623,2,0
456.66,0,60,0.5892,-0.0245,0,3,0.323,2,0
899.29,0,56,0.7055,-0.2774,3,0,0.3698,46,0
444.45,0,3,0.6936,-0.006,0,0,0.608,6,1
730.23,1,25,0.3723,-0.2895,10,0,0.2649,36,1
361.52,0,13,0.1776,0.0343,3,0,0.4574,5,1
1126.52,1,28,0.2907,0.0496,2,0,0.7902,8,0
209.78,0,9,0.0757,0.0547,1,0,0.7176,7,0
572.46,1,33,0.6827,-0.0326,0,0,0.7722,6,1
283.65,0,10,0.8166,-0.0111,1,1,0.8696,3,0
3184.09,2,38,0.6178,-0.0542,2,0,0.05,32,1
164.97,0,28,0.2783,0.2026,0,0,0.2334,2,0
691.53,1,60,0.6625,0.1118,1,0,0.6773,5,0
354.36,0,53,0.5153,-0.4255,4,0,0.4506,17,0
294.27,0,37,0.8125,-0.0558,1,0,0.4358,8,0
476.08,0,27,0.956,-0.3476,10,0,0.05,24,1
543.07,1,43,0.3933,-0.0898,2,0,0.6183,3,1
5466.98,2,41,0.1955,-0.0945,1,0,0.4693,3,0
169.28,0,9,0.5994,-0.3926,5,0,0.4692,47,0
142.55,0,23,0.3833,0.0545,0,0,0.4468,4,1
871.84,1,60,0.3107,0.0818,0,0,0.4367,0,1
598.34,1,20,0.543,-0.2975,3,0,0.4653,19,0
286.09,0,1,0.5861,-0.4125,3,0,0.5597,27,0
867.33,1,51,0.1041,-0.4216,9,0,0.4237,30,1
831.06,1,56,0.484,0.0707,0,0,0.8211,7,0
662.74,1,40,0.5439,0.064,1,0,0.264,0,0
337.41,0,39,0.8004,0.1107,3,0,0.2841,6,0
259.51,0,22,0.4674,0.033,0,0,0.2918,4,0
426.74,0,22,0.5853,-0.0888,6,0,0.4067,37,0
835.55,1,55,0.3376,-0.3147,5,0,0.2663,19,1
206.9,0,52,0.0598,-0.2097,5,1,0.1615,26,0
493.01,1,30,0.1639,-0.1535,0,0,0.7512,6,0
837.97,1,19,0.7793,0.0115,1,0,0.4767,0,0
570.78,1,12,0.5999,-0.2531,7,4,0.2791,31,1
180.8,0,1,0.1928,0.2204,2,1,0.7659,0,0
348.8,0,29,0.5786,-0.0401,3,0,0.4937,7,0
155.66,0,34,0.3515,0.0078,1,0,0.7228,4,0
1458.97,1,41,0.034,0.1888,2,0,0.2763,2,0
2537.98,2,49,0.3834,-0.0388,3,0,0.8014,3,0
285.58,0,23,0.6209,0.1275,1,0,0.653,5,1
1670.8,2,11,0.5834,-0.422,4,0,0.4276,42,1
378.95,0,51,0.8183,-0.2268,6,0,0.2344,45,0
289.71,0,46,0.3834,-0.3017,8,1,0.3972,31,0
228.09,0,32,0.4994,0.0052,4,0,0.5795,2,0
954.47,1,3,0.433,0.2458,0,0,0.7443,8,1
160.92,0,29,0.3411,-0.1866,0,0,0.7684,8,0
163.62,0,38,0.2273,-0.0082,1,0,0.6562,1,0
601.34,1,52,0.4578,-0.0811,6,0,0.3151,55,1
1005.82,1,31,0.5023,0.0066,2,0,0.7392,1,0
289.67,0,28,0.7802,-0.3466,5,1,0.05,26,1
418.65,0,23,0.6532,-0.406,6,0,0.4773,58,1
644.98,1,25,0.8533,-0.3709,7,0,0.6255,15,0
354.61,0,1,0.5377,0.0431,0,0,0.3074,7,0
278.67,0,7,0.7729,0.1038,1,0,0.3283,8,0
639.8,1,46,0.3927,0.0063,1,3,0.8089,8,0
331.87,0,22,0.4075,0.0522,0,0,0.9106,7,0
869.67,1,52,0.8299,0.0077,0,0,0.5478,0,0
232.69,0,24,0.4879,-0.0786,5,0,0.5699,0,0
294.29,0,60,0.2273,0.1799,2,0,0.8037,4,1
277.15,0,11,0.8834,-0.1277,3,0,0.6349,18,1
274.81,0,12,0.5609,-0.2516,5,0,0.2001,47,1
251.01,0,36,0.4468,-0.1203,8,1,0.439,37,1
183.67,0,49,0.1645,0.0602,1,0,0.6895,6,1
2463.63,2,9,0.0433,-0.4108,3,2,0.5525,47,1
672.01,1,31,0.6513,0.1715,2,0,0.476,1,0
202.91,0,14,0.1181,0.0734,3,0,0.617,4,0
818.09,1,45,0.2659,-0.0077,2,0,0.386,8,0
1150.71,1,34,0.6947,-0.071,0,3,0.3639,5,1
949.74,1,40,0.6338,0.0089,0,1,0.2603,8,1
240.8,0,17,0.2017,0.072,0,0,0.8414,3,0
237.44,0,18,0.5963,-0.207,4,0,0.221,59,0
362.28,0,39,0.3855,-0.0872,5,0,0.382,14,1
125.34,0,22,0.4353,-0.082,1,0,0.4465,7,0
383.35,0,42,0.4462,0.2443,2,0,0.4402,7,0
1245.53,2,10,0.3765,-0.1316,11,0,0.4373,49,1
1462.4,2,19,0.8978,-0.1175,2,0,0.8206,7,1
242.23,0,7,0.7282,-0.0875,1,0,0.5759,7,0
619.82,0,6,0.1205,-0.1727,2,0,0.1362,19,0
521.64,0,16,0.157,0.2145,0,0,0.5759,4,0
371.35,0,30,0.5569,0.003,2,0,0.4044,1,0
1008.29,1,9,0.4907,-0.1386,3,3,0.157,15,1
151.12,0,6,0.2158,0.1045,0,0,0.8737,4,0
940.19,1,53,0.5799,-0.0854,5,0,0.4,41,1
1980.29,2,31,0.5185,0.0859,0,0,0.703,6,0
668.73,1,43,0.6344,0.04,0,0,0.4758,1,0
939.55,1,44,0.3309,-0.3005,7,0,0.1401,39,1
754.71,1,7,0.6559,-0.0551,1,0,0.9602,6,0
393.13,0,38,0.8342,-0.1391,2,2,0.8012,5,1
147.27,0,52,0.4818,-0.0024,1,0,0.6737,3,0
913.68,1,27,0.3233,-0.0225,2,4,0.3714,5,0
213.19,0,52,0.2089,-0.209,3,0,0.05,17,0
771.12,1,57,0.6782,0.0479,2,0,0.1614,5,0
322.63,0,33,0.1194,-0.3342,5,1,0.1786,41,0
196.14,0,7,0.87,-0.1572,8,1,0.488,43,0
307.16,0,38,0.587,-0.104,6,0,0.5284,51,1
2228.1,2,53,0.8166,0.0168,1,0,0.4037,3,1
230.14,0,35,0.7431,-0.4113,2,0,0.1108,37,1
245.96,0,49,0.7893,-0.407,7,2,0.05,30,1
274.73,0,33,0.4787,0.0653,1,1,0.3962,0,1
680.26,1,26,0.5053,-0.1565,4,0,0.2063,39,1
2405.97,2,57,0.7126,-0.1914,5,0,0.2883,42,1
263.1,0,10,0.5298,-0.1481,8,0,0.05,27,1
1937.74,2,27,0.5305,-0.4358,7,0,0.6121,46,0
505.89,0,10,0.1958,-0.0639,4,1,0.5688,10,0
1029.22,1,40,0.4609,-0.1265,9,0,0.3926,53,0
253.64,0,56,0.1063,0.1345,0,0,0.8442,8,0
305.19,0,60,0.1385,-0.3916,3,0,0.6377,38,1
621.31,1,15,0.7314,-0.2386,5,2,0.4261,56,0
763.83,1,44,0.5377,0.0831,1,3,0.6951,4,0
259.27,0,53,0.5744,-0.0354,1,0,0.6253,6,0
575.27,1,51,0.6127,-0.0519,0,0,0.4236,5,0
2748.47,2,31,0.7458,0.0622,2,0,0.5209,7,0
242.96,0,11,0.5121,-0.023,0,0,0.6784,2,1
785.88,1,28,0.25,0.1422,3,0,0.6025,4,1
729.36,1,47,0.688,-0.0266,3,0,0.6302,5,0
816.94,0,38,0.2873,-0.2391,5,0,0.2288,21,0
1903.23,2,24,0.7636,0.0195,1,1,0.6839,8,1
140.59,0,13,0.3639,0.0635,3,0,0.4033,3,1
508.39,1,40,0.2958,0.052,1,1,0.4525,8,0
378.28,0,26,0.6811,0.0739,2,0,0.6167,7,1
462.96,0,29,0.5235,-0.2702,12,0,0.1362,31,1
701.06,1,57,0.3612,0.1335,1,0,0.4527,5,0
1392.5,1,1,0.5189,-0.1455,0,2,0.5656,4,1
3111.25,2,15,0.543,-0.0581,1,0,0.1772,7,0
2246.0,2,56,0.879,0.0238,1,0,0.5128,6,0
264.73,0,56,0.3835,-0.0883,4,0,0.1449,27,0
308.95,0,19,0.445,-0.011,0,1,0.1085,3,0
394.25,0,60,0.5623,-0.0782,2,2,0.5737,1,1
333.26,0,13,0.3483,-0.3596,6,0,0.1709,20,0
228.83,0,4,0.6866,0.0663,0,0,0.8406,7,0
2258.04,2,19,0.4325,-0.0336,2,0,0.5516,6,1
1780.53,1,32,0.47,-0.0679,1,0,0.9492,0,0
316.65,0,1,0.7445,-0.1005,3,0,0.3298,17,1
393.13,0,11,0.4807,0.1304,2,2,0.4564,8,0
1075.11,1,48,0.8328,-0.0844,6,3,0.3917,28,0
319.12,0,38,0.5997,-0.0278,2,0,0.7609,2,0
301.25,0,37,0.5665,0.0708,0,0,0.2042,3,1
397.01,0,60,0.9644,0.0182,0,0,0.5403,2,0
372.94,0,14,0.8873,0.1484,0,0,0.6848,8,0
318.06,0,54,0.0873,0.0392,1,0,0.6596,2,0
698.13,1,22,0.5166,-0.0002,1,0,0.5212,8,1
331.9,0,56,0.7224,0.18,0,3,0.3878,8,0
869.37,1,47,0.0429,-0.0724,1,0,0.2475,0,0
798.98,1,13,0.181,0.0519,0,3,0.1018,5,0
6129.05,2,13,0.2433,0.1566,1,2,0.3766,7,0
169.22,0,33,0.1928,-0.1792,3,1,0.1792,12,0
405.6,0,31,0.5416,-0.2986,3,0,0.4117,24,1
214.42,0,15,0.6477,-0.0617,1,0,0.7706,2,0
303.63,0,16,0.6807,-0.0772,5,0,0.238,17,0
712.58,0,54,0.5111,0.1683,2,0,0.2729,7,0
635.49,1,46,0.3061,-0.0933,1,0,0.2554,5,1
225.1,0,12,0.69,-0.2315,9,0,0.0937,13,0
288.23,0,44,0.5061,-0.1227,0,2,0.479,2,0
215.58,0,10,0.5386,-0.3303,10,0,0.11,21,0
1212.74,1,27,0.7868,-0.1153,0,0,0.623,5,1
1990.5,2,1,0.3377,-0.3812,5,0,0.2521,38,1
1118.93,1,39,0.3712,-0.2308,7,0,0.2733,33,1
558.92,1,11,0.5005,-0.2276,6,0,0.2446,20,1
472.87,1,15,0.4498,0.0764,2,0,0.6525,0,0
821.45,1,12,0.7245,-0.0082,1,0,0.5331,5,0
167.49,0,12,0.3183,0.0588,2,0,0.4109,2,1
1514.16,1,5,0.2696,-0.2991,8,0,0.3973,42,1
521.02,1,34,0.5001,-0.0228,0,1,0.6772,4,0
201.68,0,53,0.3881,0.1697,1,0,0.6149,1,0
1028.64,1,19,0.5027,0.0552,1,0,0.0819,5,0
236.19,0,47,0.4487,-0.0927,6,0,0.3417,37,1
523.11,1,33,0.5856,-0.0632,0,0,0.5543,7,1
592.21,0,16,0.3763,-0.0442,3,0,0.6405,2,0
626.81,1,4,0.5785,-0.0032,2,0,0.5371,8,1
2240.68,2,47,0.503,-0.1013,0,0,0.4296,5,0
269.53,0,2,0.2348,-0.3637,5,0,0.2908,58,1
371.85,0,26,0.8467,-0.3137,8,0,0.05,25,0
340.94,0,3,0.3737,-0.0946,0,0,0.2516,0,0
217.13,0,47,0.5907,-0.0623,0,1,0.6854,1,0
2141.33,2,60,0.7283,-0.067,1,0,0.4221,4,0
267.86,0,20,0.4705,0.1124,2,2,0.6501,1,1
376.91,0,19,0.737,-0.0539,2,0,0.0971,25,1
192.67,0,34,0.4207,-0.4471,3,0,0.05,19,1
4863.74,2,31,0.5811,-0.0165,1,0,0.4341,0,1
222.33,0,23,0.3003,-0.2216,9,0,0.4807,21,0
887.28,1,22,0.052,0.1981,1,0,0.7643,5,0
193.23,0,12,0.02,-0.3181,5,0,0.4468,49,0
184.11,0,16,0.5116,0.1058,0,0,0.1261,7,0
655.35,1,36,0.3835,-0.3132,8,0,0.0862,32,1
206.48,0,45,0.2026,0.1882,0,0,0.718,1,1
769.88,1,46,0.6596,-0.1019,3,0,0.3937,6,1
205.87,0,31,0.7439,-0.2195,8,0,0.3673,34,1
1135.31,1,46,0.8132,-0.0559,1,0,0.4651,7,0
676.67,1,36,0.2872,0.2413,1,0,0.6318,8,1
650.92,1,22,0.26,0.0897,2,0,0.693,3,0
252.74,0,22,0.4136,-0.3742,4,3,0.3382,23,1
1259.81,1,32,0.6826,-0.0731,4,2,0.5085,2,0
2587.46,2,19,0.7822,0.0885,2,2,0.4285,2,0
280.06,0,46,0.4722,-0.3322,5,0,0.05,43,1
175.62,0,12,0.4761,0.0783,1,0,0.2484,5,1
596.62,1,4,0.353,0.0357,0,0,0.8334,2,0
185.39,0,30,0.7166,-0.2014,10,0,0.0657,53,1
1406.16,1,5,0.5865,0.1287,1,0,0.1906,3,0
1071.61,1,12,0.5757,-0.3807,8,0,0.2667,40,1
214.5,0,23,0.5001,0.0253,1,0,0.5886,2,1
730.47,1,1,0.1945,-0.042,0,0,0.249,1,0
666.72,1,14,0.7133,-0.05,2,0,0.7113,0,0
212.69,0,33,0.5849,-0.3048,5,0,0.0701,43,1
2819.54,2,23,0.8141,-0.2243,5,0,0.1027,20,1
262.24,0,54,0.718,0.075,0,1,0.2446,8,0
600.82,0,6,0.02,-0.37,3,0,0.1715,40,0
1378.63,1,44,0.8636,-0.0987,5,0,0.3023,23,0
458.61,0,36,0.7728,-0.3289,8,0,0.4373,53,1
1125.74,1,39,0.6621,0.023,0,0,0.4025,0,1
250.12,0,41,0.4854,0.0033,1,0,0.718,7,1
357.49,0,4,0.692,-0.0299,1,0,0.8178,1,0
256.67,0,48,0.648,-0.2473,4,0,0.5298,38,0
1574.7,1,20,0.3552,-0.0171,0,0,0.7743,8,0
1025.28,1,40,0.9119,0.0904,1,1,0.2966,1,0
975.6,1,18,0.7808,-0.3015,8,0,0.2299,13,1
2509.15,2,24,0.3629,-0.0073,1,0,0.6709,3,1
1636.5,1,43,0.5527,-0.1058,0,0,0.5875,1,0
538.83,1,57,0.1213,-0.4496,4,0,0.3381,56,1
1693.62,1,53,0.4211,0.1479,0,0,0.8629,6,0
2248.62,2,44,0.3579,0.0693,4,3,0.3894,7,0
544.07,1,33,0.6344,0.0339,0,0,0.4993,5,1
1844.48,2,32,0.466,-0.0367,2,0,0.8245,6,0
162.73,0,58,0.5234,0.1932,1,0,0.7334,6,0
364.55,0,13,0.6644,-0.0668,0,0,0.5669,5,0
618.82,1,58,0.9504,-0.3785,4,0,0.05,39,0
307.64,0,39,0.4016,0.0702,1,0,0.7538,3,0
431.32,0,37,0.4527,-0.1106,2,0,0.0628,4,1
1896.98,2,36,0.6119,-0.0558,2,0,0.583,8,1
264.03,0,49,0.661,-0.0258,1,2,0.6115,4,0
183.77,0,41,0.4834,0.1062,4,1,0.3926,2,0
253.14,0,6,0.4757,-0.0238,1,0,0.299,2,0
713.93,0,47,0.659,-0.1236,0,0,0.537,1,1
1168.53,1,44,0.147,-0.0571,6,0,0.05,57,0
2187.62,2,55,0.451,-0.0567,2,0,0.4753,5,0
1937.46,2,57,0.1906,-0.129,1,0,0.6929,0,0
876.82,1,57,0.6038,0.0969,2,2,0.1982,7,0
931.45,1,3,0.3867,0.1008,3,0,0.7125,6,0
250.44,0,38,0.2907,0.0207,4,0,0.9735,8,0
2889.23,2,57,0.5331,-0.0063,1,1,0.3198,5,0
207.72,0,58,0.234,0.0942,3,3,0.1933,3,1
207.36,0,33,0.3199,0.09,1,0,0.8778,6,0
2732.01,2,55,0.0857,-0.0787,4,0,0.637,3,1
1594.31,2,53,0.5629,-0.0649,0,0,0.6604,1,0
374.29,0,1,0.7816,-0.218,3,0,0.6315,42,0
885.56,1,54,0.9578,0.0471,3,2,0.4648,0,0
152.95,0,39,0.2909,-0.2466,13,0,0.1055,55,0
301.33,0,35,0.667,-0.0694,1,0,0.7597,7,0
160.79,0,11,0.3235,-0.412,2,0,0.5574,15,1
369.65,0,56,0.1702,0.0664,2,0,0.2159,4,0
815.8,1,18,0.5181,-0.4056,8,0,0.1643,21,1
554.33,0,26,0.8185,-0.132,1,0,0.9232,2,0
1294.89,1,18,0.2335,-0.0467,1,0,0.7516,4,1
200.06,0,59,0.4518,-0.1721,5,0,0.3677,39,0
1183.18,2,29,0.408,-0.1437,6,0,0.1615,56,0
683.3,1,7,0.5744,-0.0638,1,0,0.3665,0,0
1565.22,2,1,0.7818,-0.4188,3,0,0.05,52,1
549.43,0,59,0.5487,0.2243,1,0,0.8098,2,0
886.79,1,15,0.5747,-0.0893,2,0,0.5367,1,1
1233.88,1,47,0.5002,0.086,1,0,0.3054,3,0
262.47,0,2,0.6576,-0.273,10,0,0.542,48,1
272.33,0,54,0.8168,0.0602,0,0,0.5746,5,1
286.71,0,40,0.1435,0.2535,0,0,0.2826,8,0
427.16,0,14,0.1609,0.0992,1,0,0.5175,3,0
323.42,0,54,0.3091,0.0352,1,0,0.5092,5,0
200.3,0,18,0.7851,-0.4284,4,0,0.4837,19,0
511.71,0,60,0.8247,0.0025,1,0,0.3665,2,0
803.31,1,36,0.5252,-0.2032,5,0,0.0784,59,1
247.26,0,27,0.0659,-0.0642,6,0,0.05,54,0
107.72,0,4,0.4539,-0.0813,5,0,0.3953,37,0
1111.27,1,16,0.5618,-0.063,2,0,0.7821,5,0
300.44,0,4,0.3783,0.0168,4,0,0.5181,6,0
300.32,0,52,0.7078,-0.4097,5,0,0.1277,29,1
251.86,0,7,0.2511,-0.4043,3,0,0.05,49,1
237.12,0,7,0.3257,0.0392,0,2,0.1224,7,0
254.81,0,8,0.877,-0.2085,4,0,0.5076,24,0
341.04,0,59,0.4495,-0.06,0,0,0.2842,4,1
362.7,0,59,0.6446,-0.2247,1,0,0.7469,7,0
2213.57,2,43,0.175,0.2434,1,0,0.4619,8,1
3345.44,2,5,0.4442,0.0398,1,0,0.8788,2,0
282.09,0,31,0.3585,0.0366,0,3,0.8082,8,0
243.08,0,57,0.6777,-0.2819,7,0,0.1901,21,1
310.85,0,6,0.3339,0.2732,2,0,0.1588,6,1
553.04,1,48,0.4146,-0.3773,6,0,0.2564,44,1
965.53,1,2,0.5835,-0.0781,2,0,0.7858,7,1
169.04,0,49,0.182,0.22,2,0,0.4103,3,0
202.39,0,33,0.4615,-0.1031,1,0,0.7601,5,1
143.07,0,54,0.2586,0.1498,0,0,0.542,5,0
2257.32,2,25,0.4532,0.0126,2,0,0.7432,0,0
4215.8,2,48,0.7233,-0.0867,3,0,0.2837,41,1
278.36,0,51,0.3552,-0.1237,1,0,0.734,4,1
1114.85,1,20,0.5651,0.2794,1,2,0.3129,4,0
660.63,0,39,0.4147,-0.0182,2,1,0.8449,4,0
1025.2,1,28,0.1486,-0.2418,2,0,0.4525,46,1
1836.1,2,26,0.5578,0.0748,0,3,0.8402,0,0
232.81,0,48,0.379,-0.0445,2,1,0.8991,8,0
290.07,0,14,0.2368,-0.3664,4,0,0.4547,11,1
713.16,1,8,0.1855,-0.1061,1,0,0.3928,3,0
238.54,0,29,0.5063,-0.0602,7,0,0.05,53,1
1256.47,1,50,0.8637,-0.3947,1,0,0.05,22,0
415.31,0,10,0.8849,-0.0583,0,0,0.7656,5,0
1348.59,2,21,0.3846,-0.4353,6,2,0.1793,32,1
217.79,0,41,0.2526,-0.1625,4,0,0.3395,12,0
246.53,0,29,0.6397,-0.015,0,0,0.8887,6,1
357.65,0,37,0.5707,0.0016,4,0,0.2683,0,1
432.66,0,32,0.5691,0.0627,0,0,0.7273,1,0
746.63,0,49,0.8846,0.134,1,0,0.4091,8,0
756.15,1,53,0.7539,-0.0723,4,0,0.5541,7,0
250.73,0,27,0.5319,-0.3682,5,0,0.5209,12,0
356.34,0,26,0.4611,-0.0879,7,1,0.05,49,0
228.4,0,17,0.3854,-0.0009,1,0,0.28,3,0
276.04,0,27,0.2772,0.1265,2,0,0.7437,4,0
2075.51,2,51,0.9001,-0.2146,5,0,0.5794,5,1
958.76,2,31,0.5628,-0.0723,4,0,0.2233,8,0
302.78,0,42,0.5288,-0.0031,1,0,0.5324,8,0
834.97,1,26,0.4894,0.0581,2,1,0.4725,3,0
1388.74,1,43,0.6319,0.142,3,0,0.5636,3,0
2404.62,2,43,0.4917,-0.1497,1,2,0.553,8,0
186.93,0,32,0.2822,0.1615,1,2,0.3248,3,0
264.95,0,57,0.1734,-0.2549,14,1,0.5575,19,1
139.49,0,53,0.3721,-0.0041,0,0,0.7716,4,1
1570.9,2,10,0.3355,-0.3289,8,0,0.0752,51,0
1111.7,1,14,0.598,-0.0372,1,0,0.2879,1,0
265.95,0,58,0.5821,0.1225,1,0,0.5059,0,0
400.52,0,25,0.8786,0.0226,0,0,0.7077,1,1
447.11,1,19,0.6906,-0.3544,3,3,0.5824,51,1
2204.73,2,48,0.3193,-0.2837,3,0,0.3923,56,1
245.54,0,37,0.6546,0.0935,3,1,0.5096,4,0
1243.6,1,8,0.7782,-0.0757,4,1,0.1842,35,1
366.99,0,6,0.5896,-0.0037,1,0,0.7364,7,0
363.1,0,49,0.5158,0.0105,0,1,0.719,4,0
1526.47,1,46,0.5141,-0.2399,5,0,0.05,40,1
782.42,1,22,0.2581,-0.0615,2,0,0.7866,3,0
3829.55,2,52,0.1642,-0.3646,8,0,0.5923,54,0
201.22,0,8,0.3599,-0.0419,1,0,0.6869,0,1
198.66,0,53,0.2631,-0.3319,6,0,0.1597,20,0
377.41,0,5,0.2284,-0.3422,6,0,0.05,19,1
171.27,0,39,0.2769,-0.2325,10,0,0.2176,15,1
354.37,0,51,0.3309,-0.0192,2,0,0.6119,4,1
300.47,0,38,0.0645,0.0163,3,0,0.4489,3,0
422.01,0,47,0.3383,-0.0602,1,0,0.3251,3,0
284.03,0,21,0.4536,-0.0975,3,0,0.6415,0,0
295.75,0,18,0.4014,0.0422,1,0,0.5889,6,0
1063.65,1,16,0.7429,0.2089,2,2,0.5939,6,1
229.97,0,7,0.321,0.111,1,0,0.5077,2,1
695.1,1,17,0.7401,0.148,1,0,0.6583,3,0
2833.52,2,15,0.2191,-0.4215,5,0,0.476,56,0
880.92,1,46,0.7097,0.0009,1,0,0.3205,4,0
251.47,0,13,0.6895,0.0002,1,0,0.6884,7,0
281.72,0,10,0.1221,-0.0727,0,1,0.4809,38,1
1555.13,1,44,0.5686,0.1117,3,0,0.7753,0,0
762.17,1,33,0.4583,-0.1454,4,4,0.6545,30,0
245.84,0,13,0.7283,-0.2088,2,1,0.6008,8,0
159.54,0,43,0.6117,-0.0959,3,2,0.301,6,0
876.9,1,13,0.7366,-0.1881,5,0,0.1298,43,0
364.96,0,48,0.7754,-0.1034,6,3,0.292,24,0
1192.6,1,2,0.4616,0.009,0,0,0.762,4,0
301.19,0,36,0.4452,0.0814,1,0,0.6768,2,0
405.22,0,36,0.1488,0.1332,2,0,0.7262,3,0
1149.58,1,23,0.4637,-0.0579,1,2,0.4064,7,1
428.12,0,42,0.7969,-0.1431,6,0,0.1077,48,1
1256.05,1,23,0.7882,-0.1203,6,0,0.1849,48,1
502.39,0,40,0.531,0.1628,3,0,0.7919,4,0
273.28,0,14,0.8786,-0.0331,2,0,0.3975,8,0
1508.32,2,35,0.5441,0.0495,0,0,0.773,8,1
365.84,0,46,0.3528,-0.3715,8,4,0.4244,48,1
381.1,0,58,0.2732,0.022,2,0,0.474,8,0
4157.72,2,22,0.7896,-0.4451,5,0,0.6462,36,1
1393.64,1,29,0.1398,-0.3647,5,0,0.136,16,1
1758.36,1,29,0.7759,-0.0704,4,0,0.332,13,0
360.26,0,52,0.5852,-0.0495,2,0,0.424,3,0
314.18,0,58,0.3709,-0.2738,5,0,0.4817,36,1
548.11,1,39,0.9778,-0.1397,6,0,0.531,31,0
323.02,0,50,0.6084,0.1067,2,0,0.5775,7,0
239.01,0,6,0.4176,-0.0219,1,1,0.8933,5,0
958.39,1,46,0.4787,-0.2709,5,0,0.5075,35,1
295.59,0,49,0.6422,0.0082,1,0,0.5092,7,0
342.06,0,43,0.7957,0.0474,2,0,0.4708,6,0
280.29,0,36,0.2637,-0.4185,6,0,0.3845,21,1
402.28,0,54,0.4759,-0.1789,2,0,0.05,57,1
343.13,1,40,0.5617,-0.1005,1,0,0.2117,8,0
2565.02,2,51,0.265,0.1086,2,3,0.4718,2,0
441.75,0,11,0.6185,-0.253,3,0,0.3068,50,0
558.02,0,40,0.3703,-0.0481,0,0,0.4526,5,0
1149.87,1,27,0.3521,-0.161,6,0,0.3189,13,0
523.0,0,53,0.8151,0.0423,1,0,0.3496,2,1
307.66,0,53,0.7197,-0.0698,1,0,0.5493,1,0
2402.41,2,51,0.469,-0.2179,4,0,0.1001,59,1
1071.18,1,13,0.2995,0.0358,0,0,0.8969,2,0
289.68,0,30,0.4824,0.2277,2,0,0.8431,3,0
1825.12,2,1,0.0957,-0.3135,5,0,0.5404,39,1
242.15,0,59,0.8119,-0.1207,4,1,0.05,40,0
1626.15,2,16,0.3005,-0.3343,7,0,0.0897,20,1
1070.79,1,38,0.4437,-0.0467,2,0,0.8495,2,0
893.56,1,30,0.4914,-0.0855,0,0,0.4938,4,1
2115.66,2,55,0.9194,-0.0677,0,0,0.4169,5,0
729.88,1,50,0.5822,-0.2929,5,2,0.3302,48,0
346.07,0,47,0.6397,-0.0986,6,0,0.4984,55,0
381.09,0,39,0.8398,-0.1639,1,0,0.4808,8,0
599.17,1,8,0.4221,0.122,1,0,0.4287,7,1
567.1,1,56,0.5974,-0.0992,4,0,0.6645,47,0
405.03,0,4,0.3765,-0.2395,3,0,0.1523,17,1
550.0,1,28,0.444,0.1212,1,0,0.5265,7,0
1077.98,1,23,0.5753,0.1883,0,0,0.5635,7,0
510.71,0,24,0.3763,-0.062,1,0,0.3361,56,0
511.12,0,59,0.5801,-0.0267,1,1,0.0775,7,0
375.45,0,14,0.5435,-0.065,1,0,0.4926,1,0
371.65,0,35,0.5192,0.1174,3,0,0.1571,6,0
637.82,0,14,0.3547,-0.0215,1,0,0.9645,0,0
128.1,0,55,0.3154,-0.14,11,0,0.3259,13,0
246.5,0,45,0.3329,0.0621,1,0,0.5226,1,1
390.28,0,25,0.1585,-0.1204,5,1,0.2942,32,1
790.9,1,5,0.4745,-0.2197,2,2,0.5505,26,0
447.56,0,10,0.4364,-0.0271,0,0,0.3745,4,0
2367.17,2,15,0.263,-0.0084,1,0,0.1322,5,1
2513.26,2,25,0.2917,-0.2668,2,0,0.05,45,1
808.42,1,54,0.4251,-0.3288,10,0,0.3304,28,1
1998.89,2,8,0.5593,-0.12,7,0,0.2709,45,1
1981.75,2,35,0.2899,-0.4489,4,0,0.3858,55,0
318.87,0,21,0.4734,-0.2491,9,0,0.5617,54,0
678.66,1,3,0.6181,-0.0801,7,0,0.4813,37,1
404.84,0,38,0.409,-0.0315,1,0,0.8157,8,0
1118.62,1,43,0.6696,0.1279,2,0,0.7922,1,0
426.1,0,58,0.8247,-0.1783,0,2,0.4174,5,0
195.34,0,31,0.1635,-0.1768,2,0,0.0544,52,1
159.98,0,20,0.837,-0.2302,6,0,0.1329,46,1
2396.49,2,52,0.3539,-0.0863,0,0,0.2139,7,0
799.88,0,15,0.5952,0.0544,1,0,0.6794,7,0
451.72,0,41,0.1965,0.1511,2,0,0.6044,3,0
238.85,0,57,0.3212,-0.1068,3,0,0.2413,23,1
336.45,0,1,0.6458,0.0484,0,0,0.2606,5,0
1148.12,1,56,0.7341,0.013,1,2,0.1497,2,0
551.3,1,13,0.5256,0.0592,2,0,0.8456,8,0
468.37,0,29,0.2461,0.2677,0,0,0.4421,6,0
273.49,0,16,0.5452,-0.1678,7,0,0.5046,14,0
280.94,0,9,0.9165,-0.442,9,0,0.05,11,0
292.42,0,43,0.4489,-0.0392,1,0,0.5885,5,0
1328.51,1,29,0.5258,-0.0631,2,0,0.6457,3,0
683.28,1,31,0.7434,-0.2833,7,0,0.0733,44,0
159.56,0,30,0.2484,-0.2492,2,0,0.05,54,1
996.51,1,45,0.839,-0.0917,10,0,0.3778,10,1
141.83,0,58,0.3947,0.0747,0,0,0.7069,5,0
800.98,1,31,0.1093,-0.0693,1,0,0.7679,8,0
1348.34,1,10,0.5182,-0.0238,3,4,0.5571,3,0
1089.97,1,20,0.6458,-0.0442,1,1,0.4953,7,0
1281.83,1,30,0.6198,0.0532,2,0,0.7953,7,0
2981.99,2,7,0.892,0.0567,3,0,0.745,5,0
674.18,0,14,0.7733,-0.0401,2,0,0.6788,3,0
236.04,0,13,0.6842,0.2228,2,4,0.7741,3,0
333.36,0,59,0.5997,0.0173,2,0,0.6643,6,0
763.47,1,25,0.295,0.0303,1,0,0.7161,1,0
1244.02,1,53,0.3288,-0.3161,5,0,0.3025,20,0
871.02,1,34,0.5531,-0.3859,4,0,0.2744,51,1
1624.28,1,31,0.9142,-0.2967,5,1,0.3125,25,0
240.83,0,57,0.2258,-0.1396,4,0,0.1063,17,0
1456.39,1,42,0.5778,-0.1276,3,0,0.5505,8,0
1095.34,1,15,0.3188,-0.0037,1,0,0.1315,2,1
286.72,0,17,0.4446,-0.1144,7,0,0.3863,59,1
350.63,0,40,0.0993,0.2029,2,0,0.6686,4,0
317.77,0,1,0.6743,-0.2618,9,0,0.2843,17,0
328.48,0,10,0.617,-0.3459,4,0,0.5437,42,1
827.84,1,5,0.5487,-0.1008,8,0,0.2884,44,0
1877.45,2,43,0.4071,-0.0232,1,0,0.2496,3,0
791.51,1,27,0.5043,0.1844,3,0,0.3433,3,0
160.9,0,1,0.7481,-0.3689,7,1,0.2641,27,1
1195.0,1,45,0.8422,-0.1691,6,0,0.05,11,1
577.62,1,40,0.4346,-0.0309,1,0,0.7607,2,0
268.73,0,44,0.1596,-0.0249,0,0,0.7551,4,0
1116.59,1,10,0.1872,0.0739,3,0,0.6947,0,0
389.04,0,53,0.274,0.2234,2,0,0.4518,0,0
155.83,0,11,0.7055,0.1629,1,0,0.3305,1,0
280.83,0,35,0.85,-0.3392,6,2,0.1602,41,1
340.63,0,34,0.1273,0.0263,2,0,0.1665,2,0
2444.09,2,14,0.3894,0.0981,1,0,0.2467,5,0
464.2,0,23,0.1393,0.1565,3,1,0.5506,7,1
217.51,0,4,0.8796,-0.1412,3,0,0.2843,47,0
141.56,0,29,0.1541,-0.2232,5,0,0.1759,18,1
385.1,0,41,0.6513,-0.0852,3,0,0.4647,5,0
240.3,0,19,0.621,-0.0019,2,0,0.8565,6,0
156.71,0,33,0.1097,-0.1058,1,0,0.3746,5,0
841.97,1,58,0.1729,-0.1606,2,0,0.3154,1,0
446.11,0,15,0.4385,-0.1119,1,1,0.8011,1,0
571.97,1,18,0.4516,-0.0354,0,0,0.1882,8,0
656.87,0,8,0.6091,0.0787,0,3,0.7444,0,0
663.79,1,33,0.4088,-0.0614,3,0,0.4573,8,0
917.52,1,13,0.2686,-0.0666,0,0,0.4655,3,0
189.27,0,52,0.3587,0.0596,1,0,0.2366,5,0
294.25,0,18,0.4007,0.0487,1,0,0.7543,7,0
2290.24,2,40,0.4835,-0.2562,3,0,0.091,9,0
172.18,0,12,0.334,0.1135,1,1,0.4208,1,1
2392.9,1,20,0.02,-0.0826,2,2,0.3116,7,0
243.84,0,11,0.5274,-0.0471,1,0,0.6947,2,0
243.91,0,34,0.5267,0.0946,1,1,0.9124,1,0
1249.36,1,2,0.4709,-0.0687,1,0,0.6596,3,0
4528.8,2,5,0.6891,-0.4361,2,0,0.1668,43,1
430.15,0,31,0.373,-0.151,1,1,0.6342,8,0
584.53,1,33,0.7242,-0.1107,2,0,0.8715,2,1
959.19,1,20,0.6502,0.1459,2,0,0.5511,7,0
150.11,0,26,0.6188,0.0367,2,0,0.5772,2,0
397.61,0,25,0.6406,-0.0429,2,0,0.4392,4,0
163.62,0,46,0.9279,-0.2138,7,0,0.2422,14,1
218.93,0,27,0.7739,0.1915,2,0,0.4263,3,0
889.0,1,51,0.225,-0.0457,0,2,0.697,5,0
338.88,0,14,0.6529,-0.2956,8,0,0.5015,34,1
264.69,0,12,0.7517,0.1071,3,3,0.6949,5,1
1514.59,1,25,0.2382,0.1645,1,0,0.4995,2,0
1146.37,1,5,0.1047,-0.0651,1,2,0.2935,8,0
1115.3,1,41,0.4329,-0.1199,3,0,0.627,8,1
578.79,1,24,0.4758,-0.0807,4,1,0.2067,35,1
525.66,0,22,0.4351,0.0931,1,1,0.368,7,1
671.93,1,33,0.6496,0.2192,0,0,0.8316,7,0
532.73,0,5,0.447,0.0966,0,0,0.3154,4,0
588.54,0,23,0.8863,-0.1329,6,0,0.1007,40,0
347.0,0,59,0.1298,-0.3194,6,0,0.4906,9,1
1277.2,1,38,0.506,-0.0269,1,0,0.8224,0,0
302.54,1,35,0.7581,-0.3387,5,0,0.3163,28,1
270.87,0,31,0.875,-0.0131,2,0,0.6441,4,0
3529.75,2,29,0.4586,-0.4437,7,0,0.05,42,0
1230.04,1,57,0.4912,-0.0502,2,0,0.3538,1,1
189.23,0,56,0.4218,0.1422,3,0,0.5717,1,0
803.05,1,25,0.817,-0.0316,0,1,0.4054,1,1
119.36,0,56,0.4985,-0.1387,1,0,0.18,6,1
2773.24,2,5,0.347,0.0786,1,0,0.8405,6,0
150.01,0,20,0.4956,-0.0755,1,0,0.9139,5,0
430.76,0,19,0.9008,-0.0722,2,1,0.7102,7,0
438.71,0,42,0.6554,0.0901,1,0,0.2578,8,0
245.64,0,37,0.3744,-0.0525,3,1,0.3545,6,0
1068.13,1,29,0.5712,-0.0253,0,0,0.3687,4,0
268.78,0,16,0.3329,0.0242,2,0,0.5645,3,1
315.62,0,31,0.6266,-0.0086,0,0,0.2454,7,0
595.67,1,17,0.8733,-0.3065,4,0,0.3199,41,0
2984.23,2,30,0.6494,-0.2143,1,0,0.7537,3,0
501.1,1,21,0.3653,0.0027,1,0,0.6243,4,1
152.84,0,54,0.8111,-0.1482,5,0,0.7373,21,1
277.88,0,45,0.6386,-0.3431,2,0,0.3471,44,1
269.33,0,11,0.5221,-0.0176,2,1,0.4044,8,1
2639.99,2,57,0.5731,-0.2557,4,0,0.169,52,1
709.03,1,40,0.0352,0.0827,1,2,0.6187,7,0
1721.95,1,22,0.7939,-0.0642,0,0,0.7451,3,1
2538.77,2,32,0.3284,0.1457,2,0,0.2805,6,0
314.63,0,12,0.7707,-0.1715,4,0,0.2126,30,1
953.61,1,3,0.8399,-0.3427,2,0,0.5169,54,0
411.95,0,26,0.5774,0.179,2,1,0.2544,1,0
354.78,0,47,0.5078,-0.1868,0,0,0.5926,2,0
338.52,0,22,0.349,-0.0976,2,0,0.5702,0,1
375.21,0,24,0.3624,0.0842,0,0,0.4003,1,0
1267.26,2,60,0.4081,0.0874,1,3,0.4573,0,0
155.16,0,60,0.4435,0.1847,0,0,0.3899,2,0
866.62,1,28,0.4384,-0.2056,1,0,0.5253,8,0
830.51,1,3,0.3739,-0.1699,4,0,0.3299,57,0
1090.24,1,41,0.2833,-0.1045,0,0,0.6395,4,0
2416.87,2,43,0.2907,0.0619,0,0,0.3008,6,0
355.5,0,55,0.2412,0.0135,6,0,0.5429,6,0
187.53,0,57,0.7677,0.105,1,0,0.3775,5,0
288.91,0,38,0.5068,-0.2028,8,0,0.1331,36,0
181.36,0,7,0.3322,0.1211,2,1,0.2085,2,1
2747.99,2,15,0.7128,-0.0628,1,1,0.4707,0,0
150.28,0,44,0.7734,0.0119,1,0,0.973,4,1
327.6,0,37,0.6291,0.0393,0,0,0.3052,2,1
173.42,0,27,0.5859,0.1877,0,0,0.6298,0,0
253.57,0,25,0.8665,-0.0584,7,0,0.1373,37,1
1217.37,1,43,0.6271,0.0404,1,0,0.2746,0,0
314.02,0,26,0.3477,0.084,0,0,0.086,0,0
500.32,1,10,0.2681,0.1286,0,0,0.3671,1,1
703.37,1,59,0.7697,0.0575,2,0,0.6014,0,0
526.23,1,21,0.723,-0.0825,4,0,0.4016,0,0
160.25,0,17,0.1056,0.0828,1,0,0.3699,3,0
927.42,1,5,0.5294,-0.4156,5,0,0.1355,47,1
352.83,0,29,0.6955,-0.0153,0,0,0.8738,3,0
338.35,0,60,0.3587,-0.2327,10,0,0.198,54,0
1098.98,1,10,0.6482,0.0779,0,0,0.3221,4,0
886.3,1,15,0.5343,0.0712,1,0,0.8098,5,0
263.54,0,11,0.8309,-0.0756,0,0,0.2356,5,1
1648.55,2,6,0.7139,-0.1884,6,0,0.2491,53,0
248.6,0,37,0.5328,0.2092,2,1,0.6701,2,0
560.46,1,18,0.8621,0.1061,1,0,0.6051,2,0
1785.43,2,46,0.0849,0.0287,0,0,0.5049,4,0
918.14,1,25,0.7684,0.0806,0,0,0.5191,5,0
854.05,1,39,0.5313,-0.3507,2,0,0.4069,49,0
2601.59,1,6,0.7878,-0.362,2,0,0.05,29,1
555.68,1,20,0.5058,0.0221,0,0,0.4976,5,0
851.87,1,25,0.6453,0.1164,2,0,0.8686,6,0
540.73,1,4,0.3849,-0.1404,6,0,0.5013,31,0
253.19,0,26,0.4812,-0.082,1,0,0.5767,5,0
788.19,1,29,0.4176,-0.1025,1,0,0.395,7,0
389.78,0,25,0.1041,-0.2585,6,1,0.05,23,1
2050.5,2,31,0.8297,0.0099,1,3,0.9585,1,0
271.22,0,48,0.8308,-0.0949,4,0,0.5538,43,1
249.45,0,47,0.6174,-0.1033,6,1,0.05,11,0
1469.76,2,1,0.1405,-0.0432,1,0,0.5299,5,1
230.82,0,39,0.4165,-0.4172,7,1,0.5001,28,0
253.71,0,55,0.4711,0.146,2,0,0.7594,2,0
913.3,1,53,0.1194,0.0051,3,0,0.8182,3,0
352.66,0,20,0.4439,-0.0757,1,0,0.05,41,0
267.14,0,47,0.5134,-0.1249,2,0,0.4425,8,0
265.5,0,49,0.8862,0.0704,0,0,0.8662,6,0
158.79,0,22,0.7087,-0.1243,2,0,0.6525,7,1
350.3,0,53,0.0443,0.2645,0,0,0.6477,5,0
227.31,0,38,0.9777,-0.0903,3,1,0.1935,20,0
376.67,0,46,0.6645,0.1996,1,0,0.8999,0,0
459.73,0,45,0.3845,0.018,2,0,0.4464,4,0
271.54,0,47,0.6198,-0.2578,6,0,0.2564,26,0
622.08,1,58,0.3247,-0.1283,2,0,0.2289,20,1
884.81,1,52,0.0715,-0.0738,1,0,0.8647,0,0
327.64,0,26,0.2381,0.0985,1,0,0.6695,4,0
259.68,0,34,0.2935,0.1058,1,0,0.724,2,0
1970.04,2,39,0.5192,-0.3768,9,1,0.2885,25,1
1084.05,1,52,0.1633,-0.3591,1,0,0.5167,46,0
345.17,0,24,0.6045,0.213,2,0,0.4464,0,0
256.9,0,19,0.7022,0.0851,1,0,0.4416,5,0
162.55,0,45,0.5804,-0.0582,3,0,0.3996,3,1
1044.15,1,58,0.3791,0.0951,3,0,0.44,5,1
1834.74,2,55,0.3578,-0.0338,2,0,0.2734,1,1
2586.97,2,9,0.3222,-0.3386,3,0,0.4866,51,0
305.76,0,56,0.6966,0.0713,1,0,0.6811,0,0
149.72,0,48,0.5919,-0.0809,3,0,0.701,3,0
298.35,0,10,0.6475,0.0246,1,1,0.5134,0,0
347.22,0,1,0.967,0.0874,1,0,0.7736,7,0
362.45,0,13,0.3769,0.211,3,0,0.8701,5,1
927.32,1,56,0.3069,0.0838,0,1,0.1619,5,1
145.16,0,46,0.605,-0.1296,2,0,0.3408,52,1
3752.59,2,35,0.4035,-0.1114,4,2,0.8932,5,1
334.87,0,38,0.2928,0.1926,1,0,0.5707,7,0
190.32,0,25,0.3739,-0.1221,5,0,0.1469,13,1
1821.67,2,55,0.5939,-0.1316,2,1,0.6158,5,0
965.02,1,10,0.6911,-0.0805,1,1,0.6684,2,0
367.9,0,19,0.1354,-0.2902,4,0,0.2167,19,0
750.27,1,13,0.5904,-0.4023,4,0,0.6492,58,1
387.15,0,51,0.7924,0.0847,2,1,0.3926,4,0
154.84,0,33,0.3693,0.0167,0,0,0.6134,3,0
201.35,0,42,0.5288,-0.0903,2,0,0.8059,5,0
140.8,0,56,0.4196,-0.2545,4,0,0.6327,24,1
650.1,1,12,0.2745,-0.0635,2,2,0.34,7,0
